claim_id,line_of_business,sum_insured,policy_start,incident_date,days_since_policy_start,claimed_amount,document_total,prior_claims_12m,duplicate_match,fraud_label,injected_patterns
SYN-000001,health,1000000,2024-12-01,2025-04-13,133,42100,42100,0,0,0,
SYN-000002,health,300000,2024-04-23,2024-08-06,105,14900,14900,0,0,0,
SYN-000003,health,1000000,2024-07-26,2025-03-31,248,78600,78600,1,0,0,
SYN-000004,health,300000,2024-06-02,2024-11-18,169,45400,45400,0,0,0,
SYN-000005,health,1000000,2024-11-22,2025-05-28,187,15100,15100,0,0,0,
SYN-000006,health,1000000,2025-05-15,2026-02-17,278,35900,35900,0,0,0,
SYN-000007,motor,350000,2025-04-24,2025-11-24,214,18900,18900,0,0,0,
SYN-000008,health,500000,2024-08-29,2025-04-15,229,84500,84500,0,0,0,
SYN-000009,health,1000000,2025-02-14,2026-01-05,325,80500,80500,0,0,0,
SYN-000010,health,500000,2024-12-20,2025-06-09,171,80200,80200,0,0,0,
SYN-000011,health,1000000,2024-11-14,2025-03-16,122,44600,44600,0,0,0,
SYN-000012,motor,800000,2024-09-09,2025-03-05,177,38100,38100,0,0,0,
SYN-000013,motor,800000,2025-04-20,2026-01-20,275,37300,37300,0,0,0,
SYN-000014,health,1000000,2025-05-16,2026-04-11,330,23600,23600,0,0,0,
SYN-000015,health,500000,2024-05-05,2024-09-03,121,26900,26900,0,0,0,
SYN-000016,health,500000,2024-05-31,2024-11-19,172,20900,20900,0,0,0,
SYN-000017,health,300000,2024-05-23,2024-10-08,138,8600,8600,0,0,0,
SYN-000018,health,1000000,2024-06-02,2025-01-05,217,56500,56500,0,0,0,
SYN-000019,health,1000000,2024-10-22,2025-09-17,330,54500,54500,0,0,0,
SYN-000020,health,500000,2024-11-21,2025-02-01,72,22100,22100,0,0,0,
SYN-000021,health,1000000,2024-06-16,2024-09-19,95,34200,34200,0,0,0,
SYN-000022,motor,500000,2024-05-16,2024-08-20,96,22800,22800,1,0,0,
SYN-000023,health,500000,2025-04-24,2026-02-28,310,43700,43700,0,0,0,
SYN-000024,health,1000000,2024-12-07,2025-01-21,45,100700,100700,0,0,0,
SYN-000025,health,300000,2025-04-04,2025-10-21,200,28000,28000,0,0,0,
SYN-000026,motor,800000,2024-09-17,2025-05-01,226,71800,71800,0,0,0,
SYN-000027,health,1000000,2024-12-12,2025-09-26,288,38600,38600,0,0,0,
SYN-000028,health,1000000,2024-08-22,2024-10-04,43,23300,19300,0,0,1,DOCUMENT_INCONSISTENCY|TIMING_ANOMALY
SYN-000029,motor,350000,2024-04-24,2025-02-26,308,46200,46200,0,0,0,
SYN-000030,health,300000,2024-09-28,2025-01-26,120,10500,10500,0,0,0,
SYN-000031,health,300000,2025-03-20,2025-05-08,49,25900,25900,0,0,0,
SYN-000032,motor,350000,2025-01-06,2025-03-18,71,11000,11000,0,0,0,
SYN-000033,health,500000,2024-07-14,2025-03-03,232,16100,16100,0,0,0,
SYN-000034,health,1000000,2024-07-09,2024-12-13,157,31100,31100,0,0,0,
SYN-000035,health,500000,2024-10-06,2025-06-30,267,11200,11200,1,0,0,
SYN-000036,motor,800000,2025-03-26,2026-02-09,320,14500,14500,0,0,0,
SYN-000037,health,500000,2024-11-17,2025-03-07,110,66500,66500,1,0,0,
SYN-000038,health,1000000,2024-09-21,2024-12-28,98,52300,52300,0,0,0,
SYN-000039,motor,800000,2025-04-10,2025-10-20,193,16000,16000,1,0,0,
SYN-000040,health,300000,2024-09-21,2025-01-12,113,43000,43000,1,0,0,
SYN-000041,motor,800000,2024-08-08,2024-12-30,144,30900,30900,1,0,0,
SYN-000042,health,300000,2025-04-15,2026-02-20,311,15200,15200,1,0,0,
SYN-000043,motor,500000,2024-07-03,2025-05-06,307,24700,24700,0,0,0,
SYN-000044,motor,350000,2024-06-25,2024-07-30,35,34500,34500,3,0,1,TIMING_ANOMALY|FREQUENCY_ANOMALY
SYN-000045,health,500000,2025-01-29,2025-10-21,265,39000,39000,0,0,0,
SYN-000046,health,300000,2025-03-13,2026-01-22,315,45200,45200,0,0,0,
SYN-000047,health,1000000,2024-07-28,2024-12-01,126,29000,29000,0,0,0,
SYN-000048,motor,500000,2024-04-21,2024-09-21,153,42600,42600,0,0,0,
SYN-000049,health,1000000,2024-06-20,2025-04-08,292,34500,34500,0,0,0,
SYN-000050,health,300000,2025-03-12,2025-09-22,194,111700,111700,0,0,0,
SYN-000051,health,500000,2025-03-13,2025-05-01,49,40900,40900,0,0,0,
SYN-000052,health,1000000,2024-09-14,2025-05-09,237,52900,52900,0,0,0,
SYN-000053,health,300000,2025-01-06,2025-06-28,173,47500,47500,1,0,0,
SYN-000054,health,500000,2024-09-17,2025-06-29,285,35400,35400,1,0,0,
SYN-000055,motor,500000,2024-08-06,2024-11-27,113,7200,7200,0,0,0,
SYN-000056,motor,500000,2025-04-13,2026-02-24,317,59300,59300,0,0,0,
SYN-000057,motor,350000,2025-04-24,2026-03-18,328,27200,27200,0,0,0,
SYN-000058,motor,800000,2025-03-03,2025-05-07,65,23800,23800,0,0,0,
SYN-000059,health,500000,2024-04-01,2024-08-17,138,83600,83600,0,0,0,
SYN-000060,health,1000000,2024-09-04,2025-07-07,306,96400,96400,0,0,0,
SYN-000061,health,500000,2024-12-25,2025-04-02,98,44400,44400,0,0,0,
SYN-000062,health,300000,2024-11-08,2025-03-25,137,36700,36700,1,0,0,
SYN-000063,health,300000,2024-09-29,2024-12-19,81,38600,38600,0,0,0,
SYN-000064,health,1000000,2024-05-03,2024-10-12,162,93300,93300,0,0,0,
SYN-000065,motor,350000,2024-12-18,2025-04-03,106,11800,11800,0,0,0,
SYN-000066,motor,350000,2024-04-26,2025-02-11,291,16100,16100,3,0,1,FREQUENCY_ANOMALY
SYN-000067,health,500000,2025-02-26,2025-06-04,98,65700,65700,1,0,0,
SYN-000068,health,1000000,2024-11-11,2025-05-16,186,33600,33600,0,0,0,
SYN-000069,motor,500000,2024-07-24,2025-05-29,309,38200,38200,0,0,0,
SYN-000070,health,500000,2024-06-25,2025-05-12,321,60000,60000,0,0,0,
SYN-000071,health,1000000,2025-02-11,2025-04-29,77,23800,23800,0,0,0,
SYN-000072,motor,800000,2024-08-11,2025-04-05,237,8000,8000,0,0,0,
SYN-000073,health,500000,2024-05-13,2025-03-02,293,63300,63300,0,0,0,
SYN-000074,motor,350000,2024-07-29,2024-10-26,89,24000,24000,0,0,0,
SYN-000075,health,500000,2025-04-08,2025-10-22,197,104000,104000,0,0,0,
SYN-000076,motor,350000,2025-01-16,2025-05-10,114,26200,26200,0,0,0,
SYN-000077,health,300000,2025-04-22,2025-06-29,68,29100,29100,0,0,0,
SYN-000078,health,500000,2024-05-04,2025-01-09,250,40400,40400,0,0,0,
SYN-000079,motor,500000,2024-12-26,2025-04-05,100,13100,13100,0,0,0,
SYN-000080,health,1000000,2025-01-11,2025-07-23,193,53800,53800,0,0,0,
SYN-000081,motor,500000,2024-06-09,2024-10-14,127,129900,129900,0,0,0,
SYN-000082,health,300000,2025-02-16,2025-12-10,297,77500,77500,0,0,0,
SYN-000083,motor,500000,2024-05-23,2024-09-29,129,28800,28800,0,0,0,
SYN-000084,motor,800000,2025-03-29,2025-11-01,217,108500,108500,0,0,0,
SYN-000085,health,1000000,2025-04-08,2025-09-05,150,81100,81100,0,0,0,
SYN-000086,motor,350000,2024-04-01,2024-09-01,153,37700,37700,0,0,0,
SYN-000087,health,1000000,2024-05-26,2025-03-03,281,40900,40900,0,0,0,
SYN-000088,health,500000,2024-06-04,2025-04-08,308,24600,24600,0,0,0,
SYN-000089,health,300000,2025-04-28,2025-08-10,104,38500,38500,0,0,0,
SYN-000090,motor,500000,2025-01-08,2025-09-22,257,71200,71200,0,0,0,
SYN-000091,health,500000,2024-06-06,2024-10-07,123,36700,36700,0,0,0,
SYN-000092,health,300000,2024-08-05,2025-02-08,187,27500,27500,0,0,0,
SYN-000093,health,1000000,2025-04-16,2025-06-16,61,29700,29700,0,0,0,
SYN-000094,health,1000000,2024-08-16,2024-12-07,113,79900,79900,0,0,0,
SYN-000095,motor,350000,2024-10-13,2025-02-18,128,15300,15300,0,0,0,
SYN-000096,motor,500000,2025-02-27,2025-04-29,61,103000,103000,0,0,0,
SYN-000097,motor,500000,2025-04-04,2025-11-05,215,32800,32800,2,0,0,
SYN-000098,motor,800000,2025-01-31,2025-06-08,128,45900,45900,0,0,0,
SYN-000099,motor,350000,2024-12-07,2025-10-08,305,16200,16200,0,0,0,
SYN-000100,health,500000,2025-01-19,2025-08-01,194,50200,50200,0,0,0,
SYN-000101,health,500000,2025-04-18,2026-02-22,310,58800,58800,1,0,0,
SYN-000102,motor,350000,2025-05-03,2025-07-15,73,30200,30200,0,0,0,
SYN-000103,motor,500000,2025-01-30,2025-06-22,143,87900,87900,0,0,0,
SYN-000104,health,1000000,2024-08-19,2025-04-06,230,71400,71400,0,0,0,
SYN-000105,health,300000,2025-03-23,2025-11-04,226,40200,40200,0,0,0,
SYN-000106,health,500000,2025-02-12,2025-05-16,93,50700,50700,0,0,0,
SYN-000107,health,500000,2024-09-01,2024-10-18,47,84200,84200,0,0,0,
SYN-000108,motor,800000,2025-05-06,2026-02-15,285,49300,49300,0,0,0,
SYN-000109,health,300000,2025-02-12,2025-11-14,275,46800,46800,0,0,0,
SYN-000110,health,1000000,2024-12-05,2025-01-22,48,21500,21500,0,0,0,
SYN-000111,health,1000000,2024-09-15,2024-11-08,54,20500,20500,0,0,0,
SYN-000112,motor,500000,2025-01-03,2025-07-02,180,29100,29100,1,0,0,
SYN-000113,health,1000000,2025-02-05,2025-04-07,61,60800,60800,0,0,0,
SYN-000114,motor,500000,2024-09-22,2024-11-25,64,25900,25900,5,1,1,DUPLICATE_CLAIM|FREQUENCY_ANOMALY
SYN-000115,health,300000,2024-09-27,2025-08-04,311,32300,32300,0,0,0,
SYN-000116,motor,800000,2025-01-28,2025-03-27,58,18400,18400,0,0,0,
SYN-000117,health,1000000,2024-04-17,2024-07-15,89,46600,46600,0,0,0,
SYN-000118,health,500000,2024-04-14,2024-11-29,229,58400,58400,0,0,0,
SYN-000119,motor,800000,2024-11-04,2025-02-06,94,14900,14900,0,0,0,
SYN-000120,health,1000000,2025-02-05,2025-09-28,235,87900,87900,0,0,0,
SYN-000121,motor,500000,2024-08-19,2025-02-25,190,36700,36700,0,0,0,
SYN-000122,health,300000,2025-01-12,2025-09-05,236,32500,32500,0,0,0,
SYN-000123,motor,800000,2025-04-20,2026-02-26,312,30800,30800,0,0,0,
SYN-000124,health,500000,2024-10-02,2025-07-10,281,96100,96100,0,0,0,
SYN-000125,health,300000,2025-01-11,2025-05-18,127,34300,34300,0,0,0,
SYN-000126,health,300000,2025-02-01,2025-09-25,236,31900,31900,0,0,0,
SYN-000127,motor,350000,2024-12-22,2025-09-17,269,41200,41200,0,0,0,
SYN-000128,motor,500000,2024-10-26,2025-04-17,173,34700,34700,0,0,0,
SYN-000129,health,300000,2024-07-26,2025-04-18,266,55100,55100,0,0,0,
SYN-000130,health,1000000,2024-05-23,2025-02-08,261,50500,50500,1,0,0,
SYN-000131,health,1000000,2025-01-27,2025-12-08,315,27800,27800,0,0,0,
SYN-000132,health,300000,2024-09-21,2025-01-25,126,37300,37300,0,0,0,
SYN-000133,motor,800000,2024-04-02,2024-12-25,267,36200,36200,0,0,0,
SYN-000134,motor,350000,2024-07-05,2024-08-19,45,42000,42000,1,0,0,
SYN-000135,health,1000000,2024-09-12,2025-03-21,190,29800,29800,0,0,0,
SYN-000136,health,300000,2024-11-18,2025-06-04,198,86700,86700,0,0,0,
SYN-000137,health,300000,2024-11-21,2025-06-29,220,21400,21400,0,0,0,
SYN-000138,health,500000,2024-08-28,2025-06-18,294,46800,46800,0,0,0,
SYN-000139,health,1000000,2024-08-10,2025-01-19,162,30000,30000,0,0,0,
SYN-000140,health,300000,2024-08-23,2025-05-25,275,30400,30400,0,0,0,
SYN-000141,health,1000000,2024-10-18,2025-03-26,159,41000,41000,1,0,0,
SYN-000142,health,500000,2025-04-30,2025-09-07,130,34300,34300,1,0,0,
SYN-000143,health,500000,2024-12-05,2025-09-14,283,27700,27700,0,0,0,
SYN-000144,motor,800000,2024-08-27,2025-02-28,185,11400,11400,0,0,0,
SYN-000145,motor,800000,2024-10-25,2024-12-26,62,11700,11700,0,0,0,
SYN-000146,health,1000000,2025-01-22,2025-05-10,108,36400,36400,0,0,0,
SYN-000147,motor,800000,2024-07-16,2024-09-24,70,30300,30300,0,0,0,
SYN-000148,health,300000,2024-07-27,2025-05-22,299,38000,38000,0,0,0,
SYN-000149,health,1000000,2024-05-30,2024-12-16,200,43100,43100,1,0,0,
SYN-000150,health,500000,2025-03-09,2025-05-25,77,26900,26900,0,0,0,
SYN-000151,health,500000,2024-06-17,2025-01-05,202,33000,33000,0,0,0,
SYN-000152,health,500000,2024-07-08,2025-02-06,213,32200,32200,1,0,0,
SYN-000153,motor,500000,2025-04-17,2025-10-14,180,12400,12400,0,0,0,
SYN-000154,health,500000,2024-10-21,2025-06-02,224,25200,25200,0,0,0,
SYN-000155,health,1000000,2025-03-30,2025-06-24,86,39300,39300,2,0,0,
SYN-000156,motor,800000,2024-12-10,2025-09-07,271,54400,54400,0,0,0,
SYN-000157,health,1000000,2024-07-31,2025-01-19,172,26100,26100,1,0,0,
SYN-000158,health,300000,2024-11-19,2025-09-17,302,46900,46900,0,0,0,
SYN-000159,health,300000,2025-05-17,2025-11-04,171,47500,47500,0,0,0,
SYN-000160,health,1000000,2024-07-06,2025-05-28,326,53500,53500,0,0,0,
SYN-000161,health,500000,2024-10-13,2025-08-03,294,24200,24200,0,0,0,
SYN-000162,health,300000,2025-03-03,2025-09-10,191,27500,27500,0,0,0,
SYN-000163,health,1000000,2024-06-20,2024-11-07,140,64000,64000,1,0,0,
SYN-000164,health,1000000,2024-05-03,2024-10-24,174,98900,98900,0,0,0,
SYN-000165,health,500000,2024-11-13,2025-03-08,115,32200,32200,0,0,0,
SYN-000166,health,1000000,2024-09-14,2025-04-13,211,45600,45600,1,0,0,
SYN-000167,health,500000,2024-10-10,2025-03-23,164,42800,42800,0,0,0,
SYN-000168,motor,500000,2024-10-15,2025-02-12,120,10000,10000,0,0,0,
SYN-000169,health,1000000,2024-09-17,2024-12-05,79,60100,60100,0,0,0,
SYN-000170,health,300000,2025-04-05,2025-07-28,114,54000,54000,0,0,0,
SYN-000171,motor,800000,2024-05-13,2024-12-12,213,27000,27000,2,0,0,
SYN-000172,health,500000,2024-04-23,2025-01-15,267,80700,80700,1,0,0,
SYN-000173,health,300000,2025-04-24,2025-08-04,102,45300,45300,0,0,0,
SYN-000174,health,1000000,2025-01-05,2025-09-13,251,34000,34000,1,0,0,
SYN-000175,health,500000,2025-05-11,2025-08-27,108,71200,71200,0,0,0,
SYN-000176,health,1000000,2024-12-12,2025-08-12,243,51600,51600,0,0,0,
SYN-000177,health,300000,2024-10-06,2025-07-13,280,46500,46500,0,0,0,
SYN-000178,health,1000000,2024-10-08,2025-05-19,223,35000,35000,0,0,0,
SYN-000179,health,1000000,2024-11-29,2025-04-29,151,54800,54800,0,0,0,
SYN-000180,health,300000,2024-08-04,2025-03-11,219,16200,16200,0,0,0,
SYN-000181,health,300000,2024-10-23,2025-06-30,250,73200,73200,0,1,1,DUPLICATE_CLAIM
SYN-000182,health,500000,2025-04-08,2025-10-10,185,31100,31100,0,0,0,
SYN-000183,health,300000,2024-04-23,2024-12-21,242,63100,63100,0,0,0,
SYN-000184,motor,350000,2024-09-16,2024-11-04,49,53200,53200,0,0,0,
SYN-000185,health,300000,2025-05-01,2025-12-31,244,29400,29400,0,0,0,
SYN-000186,health,500000,2024-10-24,2025-05-22,210,13500,13500,1,0,0,
SYN-000187,health,300000,2024-08-25,2025-04-20,238,52400,52400,0,0,0,
SYN-000188,health,1000000,2024-04-03,2024-09-13,163,8600,8600,0,0,0,
SYN-000189,motor,350000,2024-07-09,2025-03-15,249,17200,17200,0,0,0,
SYN-000190,motor,500000,2024-09-13,2025-05-05,234,20600,20600,0,0,0,
SYN-000191,health,500000,2024-05-15,2024-09-06,114,37000,37000,0,0,0,
SYN-000192,health,1000000,2024-07-07,2024-11-11,127,43200,43200,0,0,0,
SYN-000193,health,500000,2024-11-20,2025-02-12,84,42200,42200,1,0,0,
SYN-000194,health,300000,2024-08-23,2025-06-24,305,31600,31600,0,0,0,
SYN-000195,health,300000,2025-02-22,2025-05-28,95,23200,23200,0,0,0,
SYN-000196,motor,350000,2025-05-25,2025-10-30,158,60300,60300,0,0,0,
SYN-000197,health,1000000,2025-04-02,2025-07-14,103,50200,50200,1,0,0,
SYN-000198,health,300000,2025-01-25,2025-09-02,220,19600,19600,0,0,0,
SYN-000199,motor,500000,2024-08-11,2025-06-19,312,54600,54600,0,0,0,
SYN-000200,health,500000,2024-11-20,2025-07-19,241,47900,47900,0,0,0,
SYN-000201,health,1000000,2024-04-21,2025-03-16,329,45100,45100,0,0,0,
SYN-000202,health,300000,2024-12-03,2025-08-07,247,54400,54400,0,0,0,
SYN-000203,health,1000000,2025-03-28,2025-08-26,151,27300,27300,0,0,0,
SYN-000204,health,300000,2024-11-16,2025-01-21,66,55100,55100,0,0,0,
SYN-000205,health,300000,2025-04-11,2025-06-05,55,55600,55600,0,0,0,
SYN-000206,health,500000,2024-06-30,2024-09-24,86,80100,80100,0,1,1,DUPLICATE_CLAIM
SYN-000207,health,500000,2024-05-09,2024-12-03,208,12700,12700,0,0,0,
SYN-000208,health,300000,2024-05-02,2024-06-16,45,30000,30000,1,0,0,
SYN-000209,health,1000000,2024-08-08,2025-03-23,227,39100,39100,0,0,0,
SYN-000210,motor,350000,2025-02-07,2025-09-05,210,17700,17700,1,0,0,
SYN-000211,health,300000,2024-11-18,2025-09-17,303,23600,23600,1,0,0,
SYN-000212,health,1000000,2025-05-11,2025-07-07,57,244100,244100,2,0,0,
SYN-000213,health,500000,2024-11-05,2025-03-10,125,84200,84200,1,0,0,
SYN-000214,health,1000000,2024-09-04,2024-11-30,87,62900,62900,0,0,0,
SYN-000215,motor,350000,2025-05-21,2026-03-19,302,27800,27800,1,0,0,
SYN-000216,health,300000,2024-11-29,2025-03-10,101,45000,45000,0,0,0,
SYN-000217,health,1000000,2024-10-24,2025-05-26,214,48700,48700,0,0,0,
SYN-000218,health,1000000,2024-04-24,2025-01-29,280,22100,22100,2,0,0,
SYN-000219,health,1000000,2024-07-16,2025-06-05,324,41000,41000,1,0,0,
SYN-000220,health,500000,2024-08-07,2024-10-02,56,70900,70900,0,0,0,
SYN-000221,health,300000,2024-04-19,2024-07-31,103,46900,46900,1,0,0,
SYN-000222,health,300000,2024-06-16,2024-10-22,128,21800,21800,1,0,0,
SYN-000223,health,300000,2024-12-15,2025-09-11,270,67800,67800,1,0,0,
SYN-000224,health,1000000,2024-06-08,2025-03-13,278,8500,8500,0,0,0,
SYN-000225,health,300000,2024-08-22,2025-02-04,166,22700,22700,0,0,0,
SYN-000226,health,1000000,2025-02-20,2025-12-02,285,32500,32500,0,0,0,
SYN-000227,health,300000,2024-07-28,2024-10-30,94,65300,65300,1,0,0,
SYN-000228,motor,350000,2024-11-30,2025-01-27,58,21800,21800,0,0,0,
SYN-000229,motor,500000,2024-10-20,2025-02-15,118,52300,52300,0,0,0,
SYN-000230,motor,350000,2024-05-30,2024-11-21,175,51600,51600,0,0,0,
SYN-000231,health,300000,2025-03-08,2025-06-11,95,36600,36600,0,0,0,
SYN-000232,health,1000000,2024-05-07,2024-08-19,104,89100,89100,0,0,0,
SYN-000233,motor,500000,2024-08-08,2025-02-11,187,53800,53800,0,0,0,
SYN-000234,motor,800000,2024-05-19,2024-10-21,155,32900,27400,0,0,1,DOCUMENT_INCONSISTENCY
SYN-000235,motor,800000,2024-12-04,2025-07-22,230,14800,14800,0,0,0,
SYN-000236,motor,350000,2024-06-01,2025-03-24,296,16700,16700,0,0,0,
SYN-000237,health,500000,2024-11-22,2025-08-29,280,35700,35700,0,0,0,
SYN-000238,health,1000000,2025-03-31,2025-06-14,75,26900,26900,0,0,0,
SYN-000239,health,1000000,2025-04-08,2026-02-09,307,45300,45300,0,0,0,
SYN-000240,health,300000,2024-04-05,2024-09-10,158,68400,68400,0,0,0,
SYN-000241,health,300000,2025-04-19,2025-08-27,130,27700,27700,0,0,0,
SYN-000242,motor,350000,2024-06-13,2024-08-25,73,109800,109800,0,0,0,
SYN-000243,health,500000,2025-01-26,2025-09-07,224,88100,88100,0,0,0,
SYN-000244,health,1000000,2025-04-20,2026-02-13,299,36400,36400,0,0,0,
SYN-000245,health,300000,2024-12-26,2025-09-26,274,34300,34300,0,0,0,
SYN-000246,motor,350000,2025-03-30,2025-10-07,191,26900,26900,0,0,0,
SYN-000247,health,300000,2024-06-12,2025-04-17,309,11800,11800,0,0,0,
SYN-000248,health,500000,2024-06-01,2024-10-19,140,59400,59400,1,0,0,
SYN-000249,health,500000,2025-05-10,2026-01-07,242,50300,50300,1,0,0,
SYN-000250,health,300000,2024-12-01,2025-09-16,289,21800,21800,0,0,0,
SYN-000251,motor,500000,2025-03-20,2026-01-25,311,34400,34400,0,0,0,
SYN-000252,health,300000,2024-05-26,2025-02-04,254,34100,34100,0,0,0,
SYN-000253,health,500000,2024-12-12,2025-06-05,175,20900,20900,0,0,0,
SYN-000254,health,1000000,2024-09-28,2025-05-27,241,26900,26900,0,0,0,
SYN-000255,motor,500000,2024-12-08,2025-08-10,245,10200,10200,0,0,0,
SYN-000256,health,500000,2024-09-08,2025-02-12,157,24100,24100,0,0,0,
SYN-000257,health,500000,2025-04-24,2025-10-22,181,19600,19600,0,0,0,
SYN-000258,health,1000000,2024-04-03,2024-07-29,117,55600,55600,0,0,0,
SYN-000259,health,300000,2024-06-05,2024-10-15,132,26800,26800,0,0,0,
SYN-000260,health,500000,2025-05-16,2025-09-26,133,60200,60200,0,0,0,
SYN-000261,health,300000,2024-09-14,2025-01-06,114,87200,87200,0,0,0,
SYN-000262,health,500000,2024-09-05,2024-10-31,56,73100,73100,1,0,0,
SYN-000263,health,1000000,2025-01-06,2025-08-28,234,27500,27500,0,0,0,
SYN-000264,health,1000000,2024-05-18,2024-10-18,153,45000,45000,0,0,0,
SYN-000265,health,500000,2024-12-19,2025-10-05,290,61900,61900,1,0,0,
SYN-000266,motor,350000,2024-09-06,2024-11-22,77,28900,28900,0,0,0,
SYN-000267,health,300000,2024-05-07,2024-10-19,165,68200,68200,0,0,0,
SYN-000268,health,500000,2024-09-02,2025-03-25,204,99700,99700,0,0,0,
SYN-000269,motor,800000,2025-03-18,2025-05-28,71,30400,30400,0,0,0,
SYN-000270,health,300000,2025-04-26,2025-07-31,96,73500,73500,0,0,0,
SYN-000271,health,500000,2024-12-18,2025-06-12,176,13600,13600,0,0,0,
SYN-000272,motor,350000,2025-03-01,2025-10-25,238,19400,19400,0,0,0,
SYN-000273,health,300000,2024-10-08,2025-07-20,285,116800,116800,0,0,0,
SYN-000274,motor,800000,2024-06-04,2025-03-09,278,30800,30800,0,0,0,
SYN-000275,health,1000000,2025-03-17,2025-07-02,107,152400,152400,0,0,0,
SYN-000276,health,1000000,2024-11-11,2025-06-12,213,57600,57600,1,0,0,
SYN-000277,health,500000,2024-12-13,2025-02-10,59,67200,67200,0,0,0,
SYN-000278,health,1000000,2024-08-02,2024-09-28,57,41000,41000,0,0,0,
SYN-000279,health,300000,2024-07-19,2024-12-11,145,50500,50500,0,0,0,
SYN-000280,health,500000,2024-06-06,2024-11-14,161,29300,29300,0,0,0,
SYN-000281,health,300000,2024-04-28,2024-10-12,167,58300,58300,0,0,0,
SYN-000282,health,500000,2025-05-14,2026-01-25,256,52200,52200,0,0,0,
SYN-000283,health,1000000,2024-09-11,2025-03-26,196,47800,47800,0,0,0,
SYN-000284,motor,800000,2024-10-16,2025-02-17,124,15800,15800,1,0,0,
SYN-000285,motor,800000,2024-07-18,2025-03-12,237,45800,45800,1,0,0,
SYN-000286,health,300000,2024-05-31,2025-02-05,250,48200,48200,0,0,0,
SYN-000287,health,300000,2024-05-17,2025-04-02,320,14100,14100,0,0,0,
SYN-000288,health,1000000,2025-02-07,2025-07-19,162,105100,105100,0,0,0,
SYN-000289,motor,800000,2024-05-28,2024-08-15,79,34300,34300,0,0,0,
SYN-000290,motor,500000,2024-05-03,2025-01-11,253,20800,20800,0,0,0,
SYN-000291,motor,800000,2025-04-28,2025-09-27,152,11700,11700,0,0,0,
SYN-000292,health,500000,2025-01-01,2025-10-19,291,23600,23600,0,0,0,
SYN-000293,motor,800000,2024-06-04,2025-03-24,293,30300,30300,0,0,0,
SYN-000294,health,300000,2024-11-14,2025-08-12,271,70700,70700,0,0,0,
SYN-000295,health,1000000,2024-09-09,2025-04-10,213,75100,75100,1,0,0,
SYN-000296,health,1000000,2025-01-19,2025-06-23,155,23500,23500,0,0,0,
SYN-000297,motor,500000,2024-10-04,2025-07-19,288,15400,15400,1,0,0,
SYN-000298,motor,500000,2024-08-23,2024-11-09,78,40100,40100,0,0,0,
SYN-000299,health,500000,2025-02-25,2025-10-02,219,41100,41100,0,0,0,
SYN-000300,motor,350000,2024-05-31,2024-12-15,198,28500,28500,0,0,0,
SYN-000301,health,1000000,2024-11-10,2025-09-01,295,50300,50300,0,0,0,
SYN-000302,health,300000,2024-04-21,2024-09-26,158,31100,31100,0,0,0,
SYN-000303,health,300000,2024-04-22,2024-09-02,133,34600,34600,0,0,0,
SYN-000304,health,300000,2025-02-04,2025-12-14,313,28200,28200,0,0,0,
SYN-000305,motor,500000,2024-05-03,2024-06-22,50,27400,27400,0,0,0,
SYN-000306,motor,500000,2025-03-22,2026-02-15,330,56300,56300,0,0,0,
SYN-000307,health,500000,2025-05-22,2025-07-09,48,15900,15900,0,0,0,
SYN-000308,motor,350000,2024-04-22,2024-11-08,200,32500,32500,1,0,0,
SYN-000309,motor,800000,2024-07-12,2024-12-08,149,22900,22900,0,0,0,
SYN-000310,health,1000000,2024-08-05,2024-12-27,144,58100,58100,0,0,0,
SYN-000311,health,500000,2025-03-09,2025-11-16,252,6700,6700,0,0,0,
SYN-000312,health,500000,2024-08-22,2025-01-10,141,44100,44100,0,0,0,
SYN-000313,motor,350000,2024-08-09,2025-02-15,190,4900,4900,1,0,0,
SYN-000314,health,1000000,2025-05-10,2025-09-05,118,52900,52900,2,0,0,
SYN-000315,motor,800000,2024-08-07,2024-11-01,86,44000,44000,0,0,0,
SYN-000316,health,500000,2024-08-24,2025-04-04,223,69500,69500,0,0,0,
SYN-000317,health,300000,2024-11-30,2025-10-09,313,92900,92900,0,0,0,
SYN-000318,health,300000,2024-09-14,2025-06-08,267,67300,67300,0,0,0,
SYN-000319,motor,800000,2024-04-15,2024-12-14,243,24900,24900,0,0,0,
SYN-000320,health,500000,2025-03-15,2025-10-09,208,40700,40700,2,0,0,
SYN-000321,health,300000,2024-11-20,2025-08-04,257,46200,46200,1,0,0,
SYN-000322,motor,800000,2024-06-02,2024-10-26,146,16600,16600,0,0,0,
SYN-000323,health,500000,2025-01-30,2025-10-11,254,29800,29800,0,0,0,
SYN-000324,health,1000000,2024-06-10,2024-09-12,94,30900,30900,0,0,0,
SYN-000325,health,1000000,2024-06-17,2024-10-11,116,16200,16200,0,0,0,
SYN-000326,health,300000,2025-01-14,2025-07-01,168,81900,81900,0,0,0,
SYN-000327,health,500000,2024-07-22,2024-12-06,137,48100,48100,0,0,0,
SYN-000328,health,500000,2024-07-15,2025-01-29,198,160000,160000,0,0,0,
SYN-000329,health,300000,2025-01-12,2025-11-21,313,59500,59500,0,0,0,
SYN-000330,health,300000,2024-09-10,2025-04-29,231,9400,9400,0,0,0,
SYN-000331,health,500000,2024-10-24,2025-09-06,317,50600,50600,0,0,0,
SYN-000332,motor,350000,2025-03-28,2025-08-23,148,20000,20000,0,0,0,
SYN-000333,health,500000,2024-10-20,2024-12-18,59,63500,63500,0,0,0,
SYN-000334,motor,350000,2025-01-11,2025-03-05,53,21600,21600,0,0,0,
SYN-000335,health,300000,2024-11-14,2025-09-20,310,26400,26400,0,0,0,
SYN-000336,health,500000,2024-04-01,2024-05-23,52,57000,57000,0,0,0,
SYN-000337,health,300000,2024-05-19,2025-02-19,276,53200,53200,1,0,0,
SYN-000338,health,300000,2024-08-23,2024-11-15,84,24600,24600,0,0,0,
SYN-000339,motor,500000,2024-11-06,2025-04-28,173,13700,13700,2,0,0,
SYN-000340,health,1000000,2024-04-18,2024-12-24,250,41600,41600,1,0,0,
SYN-000341,health,500000,2024-08-23,2025-04-07,227,69300,69300,0,0,0,
SYN-000342,motor,500000,2024-08-26,2025-05-01,248,27100,27100,0,0,0,
SYN-000343,health,1000000,2024-10-21,2025-06-06,228,41400,41400,0,0,0,
SYN-000344,health,1000000,2024-10-25,2025-04-09,166,40700,40700,0,0,0,
SYN-000345,health,1000000,2024-11-20,2025-09-14,298,84400,84400,2,0,0,
SYN-000346,health,1000000,2024-05-05,2024-06-29,55,34500,34500,0,0,1,TIMING_ANOMALY
SYN-000347,health,1000000,2024-08-09,2024-11-23,106,52100,52100,0,0,0,
SYN-000348,health,300000,2024-08-27,2025-06-21,298,79200,79200,0,0,0,
SYN-000349,motor,800000,2024-10-06,2024-12-27,82,26300,26300,0,0,0,
SYN-000350,health,500000,2024-06-30,2024-12-10,163,99500,99500,1,0,0,
SYN-000351,health,300000,2025-03-16,2025-05-02,47,23700,23700,0,0,0,
SYN-000352,health,300000,2025-05-25,2025-08-08,75,100000,100000,0,0,0,
SYN-000353,health,500000,2024-08-28,2025-01-24,149,39900,39900,0,0,0,
SYN-000354,health,300000,2025-02-01,2025-05-19,107,145900,145900,0,0,0,
SYN-000355,health,1000000,2024-10-04,2025-06-30,269,31300,31300,0,0,0,
SYN-000356,health,300000,2024-10-30,2025-08-31,305,38300,38300,1,0,0,
SYN-000357,motor,800000,2025-01-31,2025-11-29,302,11500,11500,0,0,0,
SYN-000358,health,500000,2025-03-25,2025-05-26,62,70900,70900,4,1,1,DUPLICATE_CLAIM|FREQUENCY_ANOMALY
SYN-000359,motor,500000,2024-06-30,2024-10-23,115,17400,17400,1,0,0,
SYN-000360,health,1000000,2024-05-01,2025-03-24,327,16500,16500,0,0,0,
SYN-000361,health,300000,2024-11-19,2025-09-11,296,26900,26900,0,0,0,
SYN-000362,health,1000000,2024-09-10,2025-01-03,115,56000,56000,0,0,0,
SYN-000363,motor,500000,2025-02-02,2025-09-06,216,29200,29200,0,0,0,
SYN-000364,motor,500000,2025-03-04,2025-10-07,217,22200,22200,1,0,0,
SYN-000365,health,1000000,2024-11-26,2025-09-02,280,80500,80500,0,0,0,
SYN-000366,health,1000000,2024-07-04,2025-04-27,297,33700,33700,0,0,0,
SYN-000367,health,1000000,2024-08-07,2024-10-06,60,45500,45500,0,0,0,
SYN-000368,health,300000,2024-04-29,2025-02-20,297,51200,51200,0,0,0,
SYN-000369,health,1000000,2024-05-04,2024-12-10,220,85000,85000,0,0,0,
SYN-000370,motor,800000,2025-05-07,2026-03-18,315,71800,71800,0,0,0,
SYN-000371,motor,350000,2024-08-26,2025-05-31,278,38600,33700,0,0,1,DOCUMENT_INCONSISTENCY
SYN-000372,motor,500000,2025-03-08,2025-06-24,108,17300,17300,0,0,0,
SYN-000373,motor,350000,2025-01-12,2025-07-22,191,16900,16900,0,0,0,
SYN-000374,health,500000,2024-05-08,2024-12-17,223,25200,25200,0,0,0,
SYN-000375,health,500000,2024-04-24,2024-12-02,222,21500,21500,0,0,0,
SYN-000376,health,300000,2024-11-09,2025-03-03,114,9100,9100,0,0,0,
SYN-000377,motor,350000,2024-05-13,2025-03-23,314,8300,8300,0,0,0,
SYN-000378,health,1000000,2024-04-24,2025-01-15,266,18400,18400,1,0,0,
SYN-000379,health,500000,2025-03-14,2025-05-28,75,154100,154100,0,0,0,
SYN-000380,health,300000,2024-08-03,2024-10-08,66,31500,31500,0,0,0,
SYN-000381,motor,350000,2025-02-13,2025-04-02,48,7200,7200,2,0,0,
SYN-000382,health,1000000,2024-06-23,2024-08-27,65,11900,11900,0,0,0,
SYN-000383,health,1000000,2024-04-21,2025-03-10,323,72700,72700,0,0,0,
SYN-000384,motor,500000,2024-11-20,2025-03-10,110,23200,23200,0,0,0,
SYN-000385,motor,350000,2025-03-12,2025-10-18,220,17700,17700,0,0,0,
SYN-000386,health,300000,2025-01-29,2025-03-19,49,11000,11000,0,0,0,
SYN-000387,health,500000,2024-06-20,2025-04-21,305,12500,12500,0,0,0,
SYN-000388,health,500000,2024-10-15,2025-08-18,307,31700,31700,1,0,0,
SYN-000389,health,1000000,2024-10-05,2025-06-08,246,24300,24300,0,0,0,
SYN-000390,health,500000,2024-10-19,2024-12-08,50,34200,34200,5,0,1,FREQUENCY_ANOMALY
SYN-000391,health,300000,2024-12-24,2025-08-22,241,16200,16200,0,0,0,
SYN-000392,motor,350000,2025-04-08,2025-07-28,111,31000,31000,0,0,0,
SYN-000393,motor,800000,2025-02-10,2025-03-27,45,18200,12800,1,0,1,TIMING_ANOMALY|DOCUMENT_INCONSISTENCY
SYN-000394,motor,350000,2025-03-02,2025-10-24,236,13700,13700,0,0,0,
SYN-000395,motor,350000,2024-06-27,2024-11-25,151,41400,41400,0,0,0,
SYN-000396,health,1000000,2024-07-02,2025-05-26,328,145700,145700,0,0,0,
SYN-000397,health,500000,2025-01-02,2025-04-13,101,70700,70700,0,0,0,
SYN-000398,motor,800000,2024-10-09,2025-06-19,253,35500,35500,0,0,0,
SYN-000399,motor,800000,2024-07-11,2024-11-14,126,10100,10100,1,0,0,
SYN-000400,motor,800000,2024-06-22,2024-12-03,164,7000,7000,0,0,0,
SYN-000401,motor,800000,2025-01-14,2025-06-15,152,28300,28300,0,0,0,
SYN-000402,motor,800000,2024-11-07,2025-04-10,154,12800,12800,1,0,0,
SYN-000403,health,300000,2025-03-25,2026-02-10,322,54100,54100,0,0,0,
SYN-000404,health,300000,2025-02-23,2025-05-06,72,19700,19700,0,0,0,
SYN-000405,motor,800000,2024-06-21,2025-02-20,244,27500,27500,0,0,0,
SYN-000406,motor,500000,2024-12-09,2025-10-01,296,39300,39300,0,0,0,
SYN-000407,health,300000,2024-08-04,2024-12-23,141,50100,50100,0,0,0,
SYN-000408,motor,500000,2025-01-29,2025-10-10,254,8900,7700,0,1,1,DOCUMENT_INCONSISTENCY|DUPLICATE_CLAIM
SYN-000409,health,1000000,2024-10-08,2024-12-09,62,142700,142700,0,0,0,
SYN-000410,health,1000000,2024-12-09,2025-09-07,272,48200,48200,0,0,0,
SYN-000411,health,500000,2025-03-13,2026-01-04,297,16600,16600,0,0,0,
SYN-000412,health,300000,2024-08-11,2024-10-14,64,9800,9800,0,0,0,
SYN-000413,motor,350000,2024-06-25,2024-09-07,74,10500,10500,1,0,0,
SYN-000414,motor,500000,2024-09-18,2025-08-03,319,47400,47400,0,0,0,
SYN-000415,motor,350000,2024-09-16,2025-03-21,186,51000,51000,1,0,0,
SYN-000416,health,300000,2025-05-25,2025-12-06,195,33000,33000,0,0,0,
SYN-000417,motor,800000,2025-05-18,2025-12-30,226,42500,42500,0,0,0,
SYN-000418,health,1000000,2024-09-03,2024-11-16,74,39600,39600,0,0,0,
SYN-000419,health,300000,2024-08-03,2025-02-16,197,47800,47800,0,0,0,
SYN-000420,motor,500000,2024-11-13,2025-06-14,213,32000,32000,1,0,0,
SYN-000421,health,500000,2024-08-30,2025-07-09,313,16200,16200,0,0,0,
SYN-000422,motor,500000,2024-08-11,2024-10-02,52,13900,11500,0,0,1,DOCUMENT_INCONSISTENCY
SYN-000423,health,300000,2025-03-14,2025-11-04,235,51100,51100,0,0,0,
SYN-000424,motor,500000,2024-06-07,2025-02-17,255,18400,18400,0,0,0,
SYN-000425,health,300000,2024-06-18,2024-07-20,32,266300,266300,0,0,1,TIMING_ANOMALY|AMOUNT_ANOMALY
SYN-000426,motor,350000,2024-09-15,2025-03-22,188,20500,20500,0,0,0,
SYN-000427,motor,500000,2024-04-15,2024-07-03,79,10200,10200,0,0,0,
SYN-000428,motor,350000,2024-10-09,2025-08-29,324,21100,21100,0,0,0,
SYN-000429,health,500000,2024-07-10,2024-10-29,111,68900,68900,0,0,0,
SYN-000430,motor,800000,2024-12-10,2025-10-21,315,52300,52300,0,0,0,
SYN-000431,health,500000,2024-09-05,2024-12-04,90,16200,16200,0,0,0,
SYN-000432,health,1000000,2025-02-08,2025-05-26,107,311900,311900,0,0,0,
SYN-000433,health,1000000,2025-04-28,2025-08-23,117,35900,35900,0,0,0,
SYN-000434,health,1000000,2024-04-09,2024-06-02,54,76600,76600,0,0,0,
SYN-000435,health,500000,2024-09-02,2024-11-18,77,240000,240000,0,0,0,
SYN-000436,motor,800000,2024-08-08,2025-06-19,315,33700,33700,0,0,0,
SYN-000437,health,500000,2024-07-04,2025-02-14,225,45500,45500,0,0,0,
SYN-000438,motor,800000,2024-07-31,2025-05-04,277,69900,69900,0,0,0,
SYN-000439,health,300000,2025-05-12,2025-11-09,181,46200,46200,1,0,0,
SYN-000440,health,1000000,2024-08-16,2025-06-25,313,58800,58800,0,0,0,
SYN-000441,motor,800000,2024-10-30,2025-08-05,279,43600,43600,0,0,0,
SYN-000442,motor,350000,2024-05-15,2024-12-14,213,25800,25800,0,0,0,
SYN-000443,motor,800000,2024-09-27,2025-03-07,161,12800,12800,0,0,0,
SYN-000444,health,300000,2025-01-26,2025-04-03,67,29800,29800,0,0,0,
SYN-000445,health,500000,2024-08-22,2024-11-17,87,430900,430900,1,0,1,AMOUNT_ANOMALY
SYN-000446,health,300000,2024-04-05,2024-08-15,132,27700,27700,0,0,0,
SYN-000447,health,500000,2025-05-26,2026-01-31,250,30300,30300,0,0,0,
SYN-000448,health,1000000,2024-11-11,2025-08-10,272,26300,26300,1,0,0,
SYN-000449,health,1000000,2025-02-02,2025-11-15,286,11300,11300,0,0,0,
SYN-000450,motor,350000,2025-01-17,2025-06-12,146,22800,22800,0,0,0,
SYN-000451,health,1000000,2024-06-20,2025-03-12,265,37600,37600,0,0,0,
SYN-000452,health,500000,2024-07-19,2024-11-04,108,42800,42800,0,0,0,
SYN-000453,motor,350000,2025-05-24,2025-08-13,81,29800,29800,0,0,0,
SYN-000454,health,1000000,2024-05-18,2024-09-20,125,49800,49800,0,0,0,
SYN-000455,health,1000000,2025-04-18,2025-11-08,204,44000,44000,0,0,0,
SYN-000456,health,300000,2024-08-30,2024-11-18,80,27000,27000,1,0,0,
SYN-000457,health,500000,2025-05-20,2026-01-14,239,87600,87600,0,0,0,
SYN-000458,motor,800000,2025-04-27,2025-07-22,86,49400,49400,0,0,0,
SYN-000459,health,1000000,2025-01-20,2025-06-28,159,16600,16600,0,0,0,
SYN-000460,health,300000,2024-12-06,2025-03-09,93,44800,44800,0,0,0,
SYN-000461,motor,500000,2024-05-31,2025-02-16,261,16300,16300,0,0,0,
SYN-000462,health,500000,2024-11-30,2025-05-18,169,118100,118100,1,0,0,
SYN-000463,health,500000,2024-05-13,2024-12-07,208,19000,19000,0,0,0,
SYN-000464,health,300000,2024-09-05,2025-01-18,135,34600,34600,1,0,0,
SYN-000465,health,500000,2025-01-01,2025-08-08,219,14700,14700,0,0,0,
SYN-000466,motor,500000,2024-08-10,2025-06-29,323,27900,27900,0,0,0,
SYN-000467,health,300000,2024-08-14,2024-10-23,70,53100,53100,0,0,0,
SYN-000468,motor,800000,2025-03-03,2025-07-30,149,30500,30500,0,0,0,
SYN-000469,health,1000000,2024-10-17,2025-06-29,255,30200,30200,1,0,0,
SYN-000470,motor,800000,2025-04-24,2026-01-16,267,59700,59700,0,0,0,
SYN-000471,health,1000000,2025-05-16,2026-03-03,291,19000,19000,0,0,0,
SYN-000472,motor,800000,2024-08-13,2024-10-31,79,16000,16000,0,0,0,
SYN-000473,health,1000000,2025-04-30,2025-10-27,180,31300,31300,0,0,0,
SYN-000474,health,1000000,2025-04-16,2025-07-08,83,39600,39600,2,0,0,
SYN-000475,health,500000,2024-09-02,2025-01-13,133,69700,69700,1,0,0,
SYN-000476,motor,500000,2025-01-18,2025-04-18,90,25100,25100,2,0,0,
SYN-000477,health,1000000,2024-11-10,2025-08-19,282,28700,28700,0,0,0,
SYN-000478,health,300000,2024-08-29,2024-11-29,92,18700,18700,0,0,0,
SYN-000479,health,300000,2024-04-02,2025-02-02,306,30100,30100,1,0,0,
SYN-000480,health,300000,2024-05-30,2025-03-06,280,21800,21800,0,0,0,
SYN-000481,motor,350000,2025-04-18,2026-02-23,311,6800,6800,0,0,0,
SYN-000482,health,500000,2024-05-14,2025-02-13,275,68700,68700,1,0,0,
SYN-000483,motor,500000,2024-06-28,2024-12-28,183,28900,28900,0,0,0,
SYN-000484,health,300000,2025-03-14,2026-01-22,314,38300,38300,0,0,0,
SYN-000485,health,300000,2025-03-18,2025-05-18,61,40200,40200,0,0,0,
SYN-000486,health,1000000,2024-06-02,2024-12-29,210,50400,50400,0,0,0,
SYN-000487,health,300000,2025-05-22,2025-12-12,204,50600,50600,0,0,0,
SYN-000488,motor,800000,2025-05-12,2026-03-18,310,77900,77900,1,0,0,
SYN-000489,motor,350000,2024-08-15,2025-04-01,229,13000,13000,1,0,0,
SYN-000490,motor,800000,2024-11-17,2025-02-16,91,16200,16200,0,0,0,
SYN-000491,health,500000,2024-05-06,2024-10-12,159,87900,87900,0,0,0,
SYN-000492,health,300000,2024-07-28,2025-05-08,284,37500,37500,0,0,0,
SYN-000493,health,300000,2025-04-24,2025-07-10,77,73600,73600,0,0,0,
SYN-000494,motor,350000,2024-06-13,2025-05-03,324,55300,55300,0,0,0,
SYN-000495,motor,500000,2024-07-11,2025-04-14,277,47100,47100,0,0,0,
SYN-000496,motor,350000,2024-11-04,2025-03-27,143,24100,24100,0,0,0,
SYN-000497,motor,500000,2024-11-11,2025-03-14,123,19000,19000,0,0,0,
SYN-000498,health,300000,2025-02-14,2025-05-09,84,26100,26100,0,0,0,
SYN-000499,motor,500000,2024-07-13,2025-04-22,283,59800,59800,0,0,0,
SYN-000500,motor,500000,2024-07-08,2024-09-09,63,31800,31800,0,1,1,DUPLICATE_CLAIM
SYN-000501,health,500000,2025-04-08,2025-05-30,52,21400,21400,0,0,1,TIMING_ANOMALY
SYN-000502,motor,800000,2024-06-18,2025-02-03,230,13100,13100,0,0,0,
SYN-000503,health,1000000,2024-12-05,2025-09-12,281,300900,300900,1,0,0,
SYN-000504,health,1000000,2025-03-18,2025-06-15,89,27100,27100,1,0,0,
SYN-000505,motor,500000,2025-01-21,2025-05-08,107,63300,63300,1,0,0,
SYN-000506,motor,500000,2024-11-27,2025-01-17,51,12800,12800,0,0,0,
SYN-000507,health,300000,2025-02-17,2025-12-31,317,57900,57900,0,0,0,
SYN-000508,motor,500000,2025-01-21,2025-09-19,241,17000,17000,0,0,0,
SYN-000509,health,1000000,2025-02-26,2025-06-06,100,100200,100200,0,0,0,
SYN-000510,health,1000000,2024-05-07,2024-09-25,141,42200,42200,0,0,0,
SYN-000511,health,1000000,2024-07-20,2025-05-20,304,91200,91200,2,0,0,
SYN-000512,health,500000,2024-11-12,2025-01-20,69,43900,43900,0,0,0,
SYN-000513,health,1000000,2025-02-08,2025-04-07,58,876500,701800,0,0,1,DOCUMENT_INCONSISTENCY|AMOUNT_ANOMALY
SYN-000514,health,300000,2025-04-19,2026-03-07,322,20400,20400,0,0,0,
SYN-000515,health,1000000,2025-03-20,2025-08-23,156,55400,55400,0,0,0,
SYN-000516,motor,350000,2025-04-05,2025-08-04,121,14800,14800,0,0,0,
SYN-000517,motor,500000,2025-04-27,2025-08-29,124,37700,37700,0,0,0,
SYN-000518,motor,350000,2024-04-07,2025-02-14,313,37100,37100,0,0,0,
SYN-000519,motor,800000,2025-04-09,2026-02-12,309,97600,97600,0,0,0,
SYN-000520,health,1000000,2024-12-04,2025-10-26,326,83000,83000,0,0,0,
SYN-000521,health,1000000,2025-01-25,2025-10-09,257,39800,39800,2,0,0,
SYN-000522,health,1000000,2024-09-08,2025-02-12,157,43800,43800,0,0,0,
SYN-000523,health,300000,2024-08-15,2025-02-09,178,66100,66100,1,0,0,
SYN-000524,health,1000000,2024-04-07,2024-09-12,158,29000,29000,0,0,0,
SYN-000525,motor,350000,2025-03-31,2026-02-12,318,95900,95900,0,0,0,
SYN-000526,health,1000000,2024-04-01,2024-06-15,75,31500,31500,0,0,0,
SYN-000527,health,500000,2025-04-28,2025-09-02,127,19800,19800,0,0,0,
SYN-000528,motor,500000,2024-10-09,2025-03-06,148,16200,16200,0,0,0,
SYN-000529,motor,500000,2024-04-23,2025-01-10,262,29100,29100,0,0,0,
SYN-000530,motor,500000,2025-02-23,2025-04-22,58,45400,45400,0,0,0,
SYN-000531,health,1000000,2024-07-24,2025-02-11,202,24400,24400,0,0,0,
SYN-000532,motor,350000,2024-12-11,2025-08-21,253,28900,28900,0,0,0,
SYN-000533,motor,350000,2024-08-08,2024-12-13,127,9500,9500,0,0,0,
SYN-000534,motor,800000,2025-05-18,2025-11-06,172,29600,29600,0,0,0,
SYN-000535,health,300000,2024-06-03,2024-10-30,149,39600,39600,0,0,0,
SYN-000536,motor,350000,2024-05-14,2024-12-20,220,40300,40300,0,0,0,
SYN-000537,health,1000000,2024-10-24,2025-04-21,179,14900,14900,0,0,0,
SYN-000538,health,1000000,2024-07-16,2024-12-27,164,21100,21100,1,0,0,
SYN-000539,motor,800000,2025-05-17,2025-08-19,94,19700,19700,0,0,0,
SYN-000540,motor,800000,2024-12-11,2025-04-02,112,35100,35100,0,1,1,DUPLICATE_CLAIM
SYN-000541,motor,350000,2025-05-04,2026-02-08,280,42500,42500,0,0,0,
SYN-000542,health,500000,2025-03-29,2025-12-24,270,76700,63600,1,0,1,DOCUMENT_INCONSISTENCY
SYN-000543,health,1000000,2024-09-09,2025-07-03,297,41300,41300,0,0,0,
SYN-000544,health,300000,2025-02-03,2025-10-02,241,33400,33400,0,0,0,
SYN-000545,health,500000,2024-10-03,2025-01-20,109,33400,33400,1,0,0,
SYN-000546,health,300000,2025-04-30,2025-06-30,61,63300,63300,1,0,0,
SYN-000547,motor,500000,2024-10-18,2025-07-23,278,37500,37500,0,0,0,
SYN-000548,motor,500000,2024-07-17,2025-04-12,269,11100,11100,2,0,0,
SYN-000549,motor,800000,2024-05-06,2025-02-23,293,13400,13400,0,0,0,
SYN-000550,health,500000,2024-09-07,2024-10-27,50,23500,23500,0,0,0,
SYN-000551,motor,500000,2024-09-24,2025-04-04,192,19300,19300,0,0,0,
SYN-000552,health,1000000,2024-10-06,2025-04-09,185,29200,29200,0,0,0,
SYN-000553,motor,500000,2024-10-09,2025-01-06,89,40200,40200,0,0,0,
SYN-000554,motor,800000,2025-03-15,2025-07-17,124,46700,46700,0,0,0,
SYN-000555,health,300000,2024-06-08,2024-11-30,175,70000,70000,0,0,0,
SYN-000556,motor,800000,2024-05-13,2024-11-29,200,21400,21400,0,0,0,
SYN-000557,motor,800000,2024-12-30,2025-03-17,77,23800,23800,0,0,0,
SYN-000558,health,500000,2025-01-07,2025-11-15,312,9500,9500,0,0,0,
SYN-000559,health,300000,2025-02-15,2025-09-21,218,17500,17500,0,0,0,
SYN-000560,health,1000000,2024-04-26,2024-06-13,48,29300,29300,0,0,0,
SYN-000561,motor,800000,2024-07-11,2025-01-20,193,16200,16200,0,0,0,
SYN-000562,health,500000,2024-05-09,2024-09-19,133,56900,56900,2,0,0,
SYN-000563,motor,500000,2024-07-24,2025-03-02,221,22800,22800,1,0,0,
SYN-000564,health,1000000,2025-03-09,2025-12-18,284,13800,13800,0,0,0,
SYN-000565,health,1000000,2024-10-23,2025-03-28,156,112200,112200,0,0,0,
SYN-000566,motor,800000,2024-09-19,2025-04-29,222,30500,30500,0,1,1,DUPLICATE_CLAIM
SYN-000567,health,500000,2024-10-27,2025-02-03,99,26900,26900,0,0,0,
SYN-000568,motor,500000,2024-11-22,2025-10-15,327,25100,25100,0,0,0,
SYN-000569,motor,800000,2024-12-13,2025-02-05,54,27700,27700,0,0,0,
SYN-000570,health,1000000,2024-11-22,2025-07-20,240,33500,33500,1,0,0,
SYN-000571,health,300000,2024-10-14,2025-03-21,158,109900,109900,1,0,0,
SYN-000572,motor,500000,2025-04-18,2025-11-07,203,12900,12900,0,0,0,
SYN-000573,motor,350000,2025-01-01,2025-05-09,128,29300,29300,1,0,0,
SYN-000574,motor,800000,2024-08-02,2025-03-12,222,6500,6500,0,0,0,
SYN-000575,health,500000,2025-02-25,2025-03-28,31,25600,25600,0,0,1,TIMING_ANOMALY
SYN-000576,health,500000,2024-04-16,2024-12-24,252,19900,19900,0,0,0,
SYN-000577,motor,800000,2024-10-30,2025-06-13,226,7400,7400,0,0,0,
SYN-000578,health,500000,2024-06-07,2025-02-13,251,13100,13100,0,0,0,
SYN-000579,health,300000,2024-09-12,2025-05-05,235,18600,18600,1,0,0,
SYN-000580,motor,350000,2024-08-14,2025-01-03,142,64500,64500,0,0,0,
SYN-000581,health,500000,2024-06-27,2024-10-02,97,24900,24900,0,0,0,
SYN-000582,motor,350000,2024-10-17,2025-08-06,293,14400,14400,2,0,0,
SYN-000583,motor,800000,2024-04-25,2024-06-25,61,44300,44300,0,0,0,
SYN-000584,motor,350000,2024-12-19,2025-11-01,317,15100,15100,0,0,0,
SYN-000585,health,1000000,2025-01-10,2025-07-31,202,19600,19600,1,0,0,
SYN-000586,health,1000000,2025-05-16,2026-02-07,267,14400,14400,1,0,0,
SYN-000587,health,1000000,2025-02-13,2025-07-01,138,54400,54400,0,0,0,
SYN-000588,health,500000,2024-11-03,2025-03-07,124,62200,62200,0,0,0,
SYN-000589,health,500000,2024-05-20,2025-03-27,311,419300,419300,1,0,1,AMOUNT_ANOMALY
SYN-000590,health,500000,2024-12-27,2025-03-30,93,72200,72200,1,0,0,
SYN-000591,health,300000,2024-07-27,2025-05-04,281,55600,55600,1,0,0,
SYN-000592,health,500000,2025-04-13,2025-05-21,38,40500,40500,0,0,1,TIMING_ANOMALY
SYN-000593,health,1000000,2024-08-15,2024-11-01,78,20200,20200,2,0,0,
SYN-000594,health,300000,2024-08-14,2024-10-25,72,45500,45500,1,0,0,
SYN-000595,motor,800000,2024-08-21,2025-05-27,279,42100,42100,0,0,0,
SYN-000596,health,500000,2024-06-19,2025-05-07,322,92800,92800,1,0,0,
SYN-000597,health,1000000,2024-05-04,2024-08-08,96,89500,89500,0,0,0,
SYN-000598,health,1000000,2024-09-24,2025-01-22,120,40900,40900,0,0,0,
SYN-000599,motor,800000,2024-10-30,2025-01-04,66,37500,37500,0,0,0,
SYN-000600,health,1000000,2024-04-12,2024-10-01,172,19000,19000,1,0,0,
SYN-000601,motor,350000,2025-04-09,2026-02-08,305,332800,332800,0,0,1,AMOUNT_ANOMALY
SYN-000602,motor,500000,2025-01-07,2025-08-20,225,43100,43100,0,0,0,
SYN-000603,health,500000,2025-04-16,2025-07-10,85,67600,67600,0,0,0,
SYN-000604,health,500000,2024-10-31,2025-09-15,319,32400,32400,0,0,0,
SYN-000605,motor,350000,2024-11-10,2025-07-20,252,14400,14400,0,0,0,
SYN-000606,motor,500000,2024-09-27,2024-12-25,89,37400,37400,0,0,0,
SYN-000607,health,1000000,2025-03-01,2025-12-31,305,26600,26600,0,0,0,
SYN-000608,motor,500000,2024-04-23,2025-01-27,279,16500,16500,0,0,0,
SYN-000609,motor,350000,2024-08-15,2024-10-20,66,16600,16600,0,0,0,
SYN-000610,health,300000,2024-04-09,2024-10-30,204,56900,50100,2,0,1,DOCUMENT_INCONSISTENCY
SYN-000611,health,500000,2024-12-15,2025-08-26,254,52000,52000,0,0,0,
SYN-000612,motor,800000,2025-04-06,2025-08-08,124,41300,41300,0,0,0,
SYN-000613,health,1000000,2024-07-12,2025-01-15,187,26700,26700,2,0,0,
SYN-000614,health,1000000,2024-09-25,2024-11-17,53,23500,23500,2,0,0,
SYN-000615,health,500000,2025-01-15,2025-02-15,31,44700,44700,0,0,1,TIMING_ANOMALY
SYN-000616,health,300000,2024-07-28,2025-05-23,299,83200,83200,0,0,0,
SYN-000617,health,300000,2025-03-16,2025-05-21,66,66800,66800,0,0,0,
SYN-000618,motor,350000,2024-05-20,2024-11-22,186,7100,7100,0,0,0,
SYN-000619,health,300000,2024-08-04,2024-12-16,134,31100,31100,0,0,0,
SYN-000620,health,300000,2025-05-18,2025-08-30,104,25700,25700,0,0,0,
SYN-000621,health,1000000,2025-01-28,2025-10-24,269,63000,63000,0,0,0,
SYN-000622,motor,800000,2024-07-02,2025-04-05,277,91400,91400,0,0,0,
SYN-000623,health,1000000,2024-12-15,2025-09-09,268,15100,15100,0,0,0,
SYN-000624,health,500000,2024-06-15,2025-04-27,316,63200,63200,0,0,0,
SYN-000625,health,1000000,2024-06-27,2024-10-30,125,25100,25100,2,0,0,
SYN-000626,health,500000,2024-09-14,2025-04-26,224,69300,69300,0,0,0,
SYN-000627,health,1000000,2024-10-01,2025-08-22,325,59700,59700,0,0,0,
SYN-000628,health,300000,2024-04-16,2025-02-12,302,45600,45600,0,0,0,
SYN-000629,motor,500000,2024-09-21,2025-06-18,270,20500,20500,0,0,0,
SYN-000630,health,500000,2024-12-11,2025-03-24,103,9000,9000,0,0,0,
SYN-000631,health,1000000,2025-01-10,2025-03-18,67,7500,7500,0,0,0,
SYN-000632,motor,350000,2024-05-08,2024-11-13,189,15300,15300,0,0,0,
SYN-000633,motor,350000,2024-08-17,2024-10-11,55,43800,32800,3,0,1,FREQUENCY_ANOMALY|DOCUMENT_INCONSISTENCY
SYN-000634,motor,800000,2024-08-24,2025-03-12,200,20900,20900,0,0,0,
SYN-000635,health,500000,2025-04-14,2025-09-14,153,31800,31800,1,0,0,
SYN-000636,health,300000,2024-11-05,2024-12-21,46,88900,88900,0,0,1,TIMING_ANOMALY
SYN-000637,motor,800000,2025-05-22,2026-01-03,226,35300,35300,2,0,0,
SYN-000638,motor,800000,2024-10-24,2025-08-21,301,25200,25200,0,0,0,
SYN-000639,health,500000,2025-05-07,2025-07-22,76,188200,188200,0,0,0,
SYN-000640,motor,800000,2024-12-28,2025-02-21,55,30100,30100,0,0,0,
SYN-000641,motor,800000,2024-04-16,2024-07-13,88,37600,37600,0,0,0,
SYN-000642,health,300000,2024-11-01,2025-01-07,67,23600,23600,2,0,0,
SYN-000643,health,500000,2024-12-30,2025-05-18,139,39100,39100,0,0,0,
SYN-000644,motor,800000,2024-09-14,2025-02-18,157,26000,26000,0,0,0,
SYN-000645,motor,350000,2024-04-09,2025-02-28,325,37900,37900,0,0,0,
SYN-000646,motor,350000,2024-08-23,2024-11-29,98,68800,68800,0,0,0,
SYN-000647,health,500000,2024-07-28,2024-10-25,89,30200,30200,0,0,0,
SYN-000648,health,1000000,2025-02-07,2025-06-16,129,90300,90300,0,0,0,
SYN-000649,health,300000,2024-07-07,2024-12-17,163,14800,14800,0,0,0,
SYN-000650,health,500000,2024-07-17,2024-12-27,163,163000,163000,0,0,0,
SYN-000651,health,1000000,2024-08-24,2024-11-03,71,44600,44600,0,0,0,
SYN-000652,motor,800000,2025-05-24,2025-09-05,104,25900,25900,0,0,0,
SYN-000653,health,1000000,2024-05-02,2024-12-27,239,51300,51300,0,0,0,
SYN-000654,health,500000,2024-07-30,2025-02-18,203,187900,187900,0,0,0,
SYN-000655,health,1000000,2025-03-31,2026-01-27,302,111600,111600,0,0,0,
SYN-000656,health,300000,2025-04-11,2025-12-29,262,62200,62200,0,0,0,
SYN-000657,motor,500000,2024-05-23,2025-04-08,320,35900,35900,0,0,0,
SYN-000658,health,500000,2025-01-16,2025-05-23,127,47000,47000,0,0,0,
SYN-000659,motor,800000,2024-07-08,2024-10-29,113,26700,26700,0,0,0,
SYN-000660,health,1000000,2024-10-08,2025-06-12,247,78400,78400,0,0,0,
SYN-000661,health,300000,2024-06-10,2024-12-27,200,99500,99500,0,0,0,
SYN-000662,health,500000,2025-03-22,2025-09-30,192,24000,24000,0,0,0,
SYN-000663,motor,800000,2024-08-27,2025-03-09,194,25500,25500,0,0,0,
SYN-000664,health,1000000,2025-04-10,2025-11-12,216,112800,112800,0,0,0,
SYN-000665,motor,500000,2024-05-15,2024-10-25,163,45200,45200,0,0,0,
SYN-000666,health,1000000,2025-04-09,2025-12-20,255,25500,25500,0,0,0,
SYN-000667,health,1000000,2025-01-28,2025-06-25,148,29500,29500,0,0,0,
SYN-000668,motor,800000,2024-12-22,2025-03-12,80,20700,20700,0,0,0,
SYN-000669,health,300000,2025-02-22,2026-01-07,319,25400,25400,1,1,1,DUPLICATE_CLAIM
SYN-000670,motor,800000,2025-02-20,2025-12-04,287,21200,21200,1,0,0,
SYN-000671,health,500000,2024-04-07,2024-07-07,91,17700,17700,0,0,0,
SYN-000672,health,500000,2024-08-28,2024-10-30,63,29200,29200,0,0,0,
SYN-000673,health,500000,2024-07-10,2025-01-30,204,44200,44200,0,0,0,
SYN-000674,health,500000,2025-04-20,2025-11-08,202,55800,55800,0,0,0,
SYN-000675,health,300000,2025-04-13,2025-11-06,207,44900,44900,0,0,0,
SYN-000676,health,1000000,2024-04-20,2024-11-11,205,45500,45500,0,0,0,
SYN-000677,motor,800000,2025-01-09,2025-09-22,256,20800,20800,0,0,0,
SYN-000678,health,500000,2024-05-31,2024-09-21,113,33900,33900,0,0,0,
SYN-000679,health,500000,2024-12-07,2025-04-14,128,19400,19400,0,0,0,
SYN-000680,health,300000,2025-02-03,2025-11-09,279,59800,59800,0,0,0,
SYN-000681,motor,800000,2025-02-10,2025-12-14,307,11900,11900,0,0,0,
SYN-000682,motor,350000,2025-03-03,2025-04-17,45,42200,42200,0,1,1,DUPLICATE_CLAIM
SYN-000683,motor,350000,2025-01-18,2025-03-23,64,18000,18000,0,0,0,
SYN-000684,health,300000,2025-04-21,2025-09-11,143,29000,29000,0,0,0,
SYN-000685,health,300000,2024-04-13,2024-12-12,243,80300,80300,0,0,0,
SYN-000686,health,1000000,2025-04-03,2025-10-04,184,107800,107800,1,0,0,
SYN-000687,health,500000,2024-08-18,2024-12-02,106,28200,28200,0,0,0,
SYN-000688,motor,500000,2025-01-06,2025-04-09,93,17900,17900,0,0,0,
SYN-000689,health,300000,2024-06-15,2025-01-22,221,29400,29400,0,0,0,
SYN-000690,motor,350000,2024-07-31,2025-04-22,265,12700,12700,0,0,0,
SYN-000691,health,500000,2024-11-12,2025-09-02,294,43500,43500,0,0,0,
SYN-000692,health,500000,2025-02-19,2025-12-15,299,110200,110200,0,0,0,
SYN-000693,health,1000000,2024-08-08,2025-05-06,271,23000,23000,0,0,0,
SYN-000694,health,1000000,2024-11-25,2025-03-11,106,55800,55800,1,0,0,
SYN-000695,motor,800000,2025-01-04,2025-02-20,47,54300,54300,3,0,1,FREQUENCY_ANOMALY
SYN-000696,motor,800000,2025-03-30,2025-08-13,136,16200,16200,0,0,0,
SYN-000697,motor,800000,2024-12-18,2025-03-17,89,48700,48700,0,0,0,
SYN-000698,motor,500000,2024-12-25,2025-08-07,225,15500,15500,0,0,0,
SYN-000699,health,1000000,2024-12-14,2025-02-25,73,35500,35500,0,0,0,
SYN-000700,health,300000,2025-03-05,2025-11-15,255,39400,39400,0,1,1,DUPLICATE_CLAIM
SYN-000701,health,1000000,2024-06-03,2025-02-05,247,915200,915200,1,0,1,AMOUNT_ANOMALY
SYN-000702,health,1000000,2024-10-29,2025-01-21,84,41700,41700,0,0,0,
SYN-000703,motor,500000,2024-11-28,2025-04-13,136,20100,20100,0,0,0,
SYN-000704,motor,350000,2024-11-23,2025-07-06,225,54300,54300,0,0,0,
SYN-000705,motor,500000,2025-04-23,2025-08-04,103,18200,18200,0,0,0,
SYN-000706,health,1000000,2024-08-05,2025-01-07,155,13900,13900,0,1,1,DUPLICATE_CLAIM
SYN-000707,motor,800000,2024-11-04,2025-02-28,116,27100,27100,0,0,0,
SYN-000708,health,300000,2024-06-05,2024-10-19,136,60700,60700,0,0,0,
SYN-000709,health,300000,2024-08-17,2025-05-28,284,273600,273600,0,0,1,AMOUNT_ANOMALY
SYN-000710,health,1000000,2024-05-22,2024-08-01,71,24300,24300,0,0,0,
SYN-000711,health,500000,2024-11-16,2025-04-13,148,38700,38700,0,0,0,
SYN-000712,health,1000000,2025-04-07,2025-11-09,216,56100,56100,0,0,0,
SYN-000713,motor,350000,2025-04-27,2026-02-01,280,23600,23600,0,0,0,
SYN-000714,health,300000,2024-05-09,2025-03-19,314,64600,64600,0,0,0,
SYN-000715,health,1000000,2025-02-26,2025-09-16,202,21600,21600,0,0,0,
SYN-000716,health,300000,2025-03-20,2026-01-26,312,41500,41500,0,0,0,
SYN-000717,health,500000,2025-03-25,2025-06-28,95,424300,310700,0,0,1,DOCUMENT_INCONSISTENCY|AMOUNT_ANOMALY
SYN-000718,motor,800000,2024-04-09,2024-11-24,229,44800,44800,0,0,0,
SYN-000719,motor,350000,2024-06-26,2024-11-01,128,32100,32100,0,0,0,
SYN-000720,health,300000,2024-04-03,2024-11-09,220,18800,18800,0,0,0,
SYN-000721,health,500000,2025-04-22,2025-07-22,91,22900,22900,1,0,0,
SYN-000722,motor,500000,2024-06-15,2024-10-02,109,18200,18200,0,0,0,
SYN-000723,motor,500000,2024-10-08,2025-01-08,92,14900,14900,0,0,0,
SYN-000724,health,500000,2024-10-07,2025-01-20,105,54200,54200,0,0,0,
SYN-000725,health,300000,2024-07-28,2024-09-20,54,112200,112200,1,0,0,
SYN-000726,health,1000000,2024-11-02,2025-09-08,310,34800,34800,0,0,0,
SYN-000727,health,300000,2025-03-20,2025-12-21,276,32700,32700,0,0,0,
SYN-000728,motor,500000,2024-10-28,2025-09-16,323,24700,24700,0,0,0,
SYN-000729,health,300000,2025-01-13,2025-08-10,209,52900,52900,0,0,0,
SYN-000730,health,1000000,2024-12-13,2025-04-16,124,128600,128600,0,0,0,
SYN-000731,health,300000,2025-04-25,2025-08-04,101,40300,40300,1,0,0,
SYN-000732,health,1000000,2024-11-12,2025-07-09,239,44700,44700,0,0,0,
SYN-000733,health,300000,2025-04-22,2026-01-27,280,21500,21500,1,0,0,
SYN-000734,health,300000,2024-04-23,2025-02-06,289,76000,76000,1,0,0,
SYN-000735,motor,350000,2025-04-13,2025-05-26,43,32600,27400,0,0,1,DOCUMENT_INCONSISTENCY|TIMING_ANOMALY
SYN-000736,health,300000,2025-01-07,2025-06-27,171,51800,51800,0,0,0,
SYN-000737,health,500000,2024-08-27,2024-12-17,112,69400,69400,0,0,0,
SYN-000738,motor,500000,2025-05-13,2025-07-21,69,33700,33700,2,0,0,
SYN-000739,health,300000,2024-05-12,2024-07-23,72,39600,39600,0,0,0,
SYN-000740,motor,350000,2025-02-14,2025-06-28,134,51000,51000,0,0,0,
SYN-000741,motor,350000,2024-09-30,2025-04-12,194,32800,32800,1,0,0,
SYN-000742,health,1000000,2024-09-10,2025-03-10,181,57600,57600,1,0,0,
SYN-000743,motor,500000,2024-07-11,2024-12-09,151,28500,28500,0,0,0,
SYN-000744,motor,800000,2025-05-04,2026-02-26,298,30100,30100,0,0,0,
SYN-000745,health,300000,2025-01-13,2025-11-05,296,29300,29300,1,0,0,
SYN-000746,motor,500000,2024-06-23,2025-03-23,273,57600,57600,0,0,0,
SYN-000747,health,1000000,2025-04-09,2025-09-13,157,66700,66700,0,0,0,
SYN-000748,health,300000,2025-01-13,2025-05-29,136,21900,21900,0,0,0,
SYN-000749,health,500000,2024-11-10,2025-02-07,89,42600,42600,1,0,0,
SYN-000750,health,1000000,2025-05-20,2025-09-22,125,21000,21000,0,0,0,
SYN-000751,health,300000,2024-09-08,2024-11-29,82,20000,20000,0,0,0,
SYN-000752,motor,800000,2024-07-18,2024-10-05,79,17100,17100,1,0,0,
SYN-000753,motor,500000,2025-02-04,2025-08-25,202,31200,31200,0,0,0,
SYN-000754,health,1000000,2025-05-07,2025-07-15,69,81600,81600,0,0,0,
SYN-000755,health,500000,2025-04-23,2025-08-22,121,40700,40700,5,0,1,FREQUENCY_ANOMALY
SYN-000756,health,500000,2025-05-08,2026-04-01,328,24600,24600,0,0,0,
SYN-000757,health,1000000,2024-06-06,2025-01-19,227,27100,27100,0,0,0,
SYN-000758,health,1000000,2025-02-25,2025-09-06,193,25500,25500,1,0,0,
SYN-000759,motor,350000,2024-05-16,2025-03-13,301,51600,51600,0,0,0,
SYN-000760,health,500000,2024-06-07,2025-04-03,300,44700,44700,2,0,0,
SYN-000761,health,1000000,2024-09-17,2025-06-14,270,75900,75900,1,0,0,
SYN-000762,health,300000,2024-09-29,2025-04-20,203,26300,26300,0,0,0,
SYN-000763,motor,800000,2024-12-26,2025-11-16,325,20700,20700,2,0,0,
SYN-000764,motor,800000,2025-05-10,2025-08-04,86,17800,17800,0,0,0,
SYN-000765,motor,350000,2024-09-28,2025-07-28,303,24700,24700,0,0,0,
SYN-000766,health,500000,2025-01-26,2025-07-05,160,42800,42800,2,0,0,
SYN-000767,health,300000,2024-11-15,2025-03-02,107,43500,43500,0,0,0,
SYN-000768,motor,500000,2025-02-07,2025-10-06,241,25300,25300,0,0,0,
SYN-000769,health,500000,2025-01-17,2025-04-28,101,54700,54700,0,0,0,
SYN-000770,motor,500000,2025-02-10,2025-03-28,46,20500,20500,0,0,0,
SYN-000771,motor,350000,2024-06-07,2025-01-17,224,11100,11100,0,0,0,
SYN-000772,health,1000000,2024-06-18,2024-12-12,177,38100,31600,0,1,1,DUPLICATE_CLAIM|DOCUMENT_INCONSISTENCY
SYN-000773,motor,800000,2025-03-15,2025-06-11,88,28300,28300,1,0,0,
SYN-000774,health,1000000,2024-12-12,2025-08-22,253,107200,107200,0,0,0,
SYN-000775,health,500000,2025-04-04,2025-06-12,69,39700,39700,0,0,0,
SYN-000776,health,300000,2024-06-10,2024-10-01,113,74700,74700,0,0,0,
SYN-000777,health,1000000,2024-06-01,2024-08-05,65,76800,76800,1,0,0,
SYN-000778,health,300000,2025-02-13,2025-08-31,199,74500,74500,0,0,0,
SYN-000779,health,300000,2024-06-02,2024-08-26,85,42700,42700,0,0,0,
SYN-000780,health,1000000,2025-04-28,2025-11-25,211,14900,14900,0,0,0,
SYN-000781,health,300000,2025-01-28,2025-11-17,293,32100,32100,0,0,0,
SYN-000782,motor,500000,2025-01-26,2025-05-26,120,11900,11900,2,0,0,
SYN-000783,health,300000,2025-04-01,2025-10-07,189,21300,21300,2,0,0,
SYN-000784,health,1000000,2024-04-05,2024-12-19,258,169000,169000,1,0,0,
SYN-000785,health,500000,2024-12-10,2025-08-20,253,16800,16800,0,0,0,
SYN-000786,health,500000,2024-07-29,2025-01-10,165,27700,27700,1,0,0,
SYN-000787,health,300000,2024-09-05,2025-07-25,323,88900,88900,0,0,0,
SYN-000788,motor,350000,2025-03-11,2025-12-22,286,23300,23300,0,0,0,
SYN-000789,motor,350000,2024-04-23,2024-08-12,111,25500,25500,1,0,0,
SYN-000790,health,300000,2025-04-09,2025-07-16,98,39600,39600,0,0,0,
SYN-000791,health,1000000,2024-08-23,2025-02-28,189,23000,23000,1,0,0,
SYN-000792,health,500000,2024-08-15,2025-01-26,164,44000,44000,0,0,0,
SYN-000793,health,500000,2025-02-11,2025-04-11,59,44300,44300,0,0,0,
SYN-000794,motor,800000,2024-12-01,2025-04-14,134,13900,13900,0,0,0,
SYN-000795,health,300000,2024-10-12,2025-04-05,175,283100,283100,0,0,1,AMOUNT_ANOMALY
SYN-000796,health,500000,2024-11-14,2025-07-08,236,473200,473200,0,0,1,AMOUNT_ANOMALY
SYN-000797,health,500000,2025-04-11,2025-10-09,181,61600,61600,0,0,0,
SYN-000798,health,500000,2024-06-11,2024-09-08,89,18000,18000,5,1,1,DUPLICATE_CLAIM|FREQUENCY_ANOMALY
SYN-000799,health,300000,2024-05-24,2025-03-13,293,10300,10300,0,0,0,
SYN-000800,motor,350000,2025-04-19,2025-09-25,159,18800,18800,1,0,0,
SYN-000801,health,300000,2024-10-14,2025-07-17,276,22400,22400,0,0,0,
SYN-000802,health,300000,2024-10-12,2025-08-31,323,70000,70000,0,0,0,
SYN-000803,health,500000,2024-11-05,2025-10-01,330,20900,20900,0,0,0,
SYN-000804,health,1000000,2025-04-17,2025-07-17,91,846700,643500,0,0,1,AMOUNT_ANOMALY|DOCUMENT_INCONSISTENCY
SYN-000805,health,1000000,2025-02-04,2025-05-07,92,39200,39200,0,0,0,
SYN-000806,health,1000000,2024-05-17,2025-03-18,305,41500,41500,0,0,0,
SYN-000807,health,1000000,2024-10-12,2025-01-14,94,29200,29200,0,0,0,
SYN-000808,health,300000,2024-08-23,2025-06-02,283,55000,55000,1,0,0,
SYN-000809,motor,350000,2024-06-14,2025-02-28,259,2900,2900,0,0,0,
SYN-000810,health,300000,2024-10-01,2025-02-09,131,32100,25700,0,0,1,DOCUMENT_INCONSISTENCY
SYN-000811,health,300000,2025-05-20,2025-09-22,125,41900,41900,0,0,0,
SYN-000812,health,1000000,2025-02-25,2025-04-29,63,66100,66100,0,0,0,
SYN-000813,health,300000,2025-02-24,2025-12-22,301,23600,23600,0,0,0,
SYN-000814,motor,350000,2025-03-22,2025-10-24,216,28000,28000,0,0,0,
SYN-000815,motor,350000,2024-05-22,2024-07-26,65,38200,38200,1,0,0,
SYN-000816,motor,800000,2024-11-01,2025-02-25,116,32400,32400,0,0,0,
SYN-000817,health,1000000,2025-04-11,2025-10-22,194,70900,70900,0,0,0,
SYN-000818,health,500000,2025-05-08,2025-07-15,68,30300,30300,1,0,0,
SYN-000819,motor,800000,2024-07-29,2025-03-01,215,17800,17800,0,0,0,
SYN-000820,motor,500000,2024-07-10,2024-09-26,78,25200,25200,5,0,1,FREQUENCY_ANOMALY
SYN-000821,health,300000,2024-09-25,2025-01-26,123,22900,22900,1,0,0,
SYN-000822,health,1000000,2025-05-14,2025-08-12,90,31200,31200,0,0,0,
SYN-000823,motor,350000,2024-04-26,2025-01-24,273,89600,89600,0,0,0,
SYN-000824,health,300000,2024-12-19,2025-10-24,309,34300,34300,0,0,0,
SYN-000825,health,500000,2024-05-05,2025-03-24,323,65300,65300,0,0,0,
SYN-000826,motor,800000,2024-06-05,2024-08-02,58,34400,34400,1,0,0,
SYN-000827,motor,350000,2025-05-14,2025-11-25,195,18400,18400,0,0,0,
SYN-000828,motor,350000,2025-02-14,2025-07-07,143,11900,10700,0,0,1,DOCUMENT_INCONSISTENCY
SYN-000829,health,500000,2024-11-17,2025-03-06,109,38400,38400,0,0,0,
SYN-000830,health,500000,2024-11-23,2025-05-09,167,46700,46700,0,0,0,
SYN-000831,motor,500000,2024-06-25,2025-02-19,239,12300,12300,2,0,0,
SYN-000832,health,1000000,2025-04-17,2025-11-14,211,12000,12000,0,0,0,
SYN-000833,health,500000,2024-05-29,2024-09-05,99,50400,50400,0,0,0,
SYN-000834,health,1000000,2025-01-10,2025-11-16,310,74500,74500,0,0,0,
SYN-000835,motor,350000,2024-11-04,2025-03-09,125,38500,38500,0,0,0,
SYN-000836,motor,350000,2024-09-08,2025-02-04,149,15200,15200,0,0,0,
SYN-000837,motor,500000,2025-03-26,2025-12-03,252,31800,27100,1,0,1,DOCUMENT_INCONSISTENCY
SYN-000838,health,1000000,2025-05-12,2026-03-10,302,41100,41100,0,1,1,DUPLICATE_CLAIM
SYN-000839,health,1000000,2024-08-01,2024-09-15,45,32200,32200,2,0,0,
SYN-000840,motor,500000,2024-04-09,2024-11-08,213,17200,17200,0,0,0,
SYN-000841,health,500000,2024-12-22,2025-11-13,326,76500,76500,1,0,0,
SYN-000842,health,300000,2025-01-24,2025-10-30,279,32000,32000,0,0,0,
SYN-000843,motor,350000,2024-09-26,2025-02-08,135,48900,48900,0,0,0,
SYN-000844,health,1000000,2024-09-01,2024-12-27,117,23400,23400,0,0,0,
SYN-000845,health,500000,2024-11-21,2025-03-14,113,40100,40100,0,0,0,
SYN-000846,health,500000,2024-09-04,2025-06-13,282,27700,27700,0,0,0,
SYN-000847,health,1000000,2025-01-12,2025-05-15,123,18500,18500,1,0,0,
SYN-000848,health,1000000,2025-05-13,2025-11-03,174,13900,13900,1,0,0,
SYN-000849,health,1000000,2024-04-17,2024-05-30,43,39800,39800,0,0,1,TIMING_ANOMALY
SYN-000850,health,300000,2025-03-10,2025-06-16,98,18400,18400,0,0,0,
SYN-000851,health,1000000,2024-08-26,2024-10-25,60,43800,43800,1,0,0,
SYN-000852,health,300000,2024-09-06,2025-05-27,263,23500,23500,0,0,0,
SYN-000853,health,500000,2024-04-18,2024-10-06,171,33900,33900,1,0,0,
SYN-000854,health,300000,2024-05-06,2024-11-14,192,44000,44000,0,0,0,
SYN-000855,health,500000,2025-02-16,2025-08-20,185,71500,71500,0,0,0,
SYN-000856,motor,500000,2025-04-28,2026-02-20,298,30800,30800,0,0,0,
SYN-000857,health,1000000,2024-05-16,2025-03-02,290,54400,54400,0,0,0,
SYN-000858,motor,350000,2024-12-14,2025-04-08,115,13200,13200,1,0,0,
SYN-000859,health,1000000,2024-10-30,2025-06-25,238,59500,59500,0,1,1,DUPLICATE_CLAIM
SYN-000860,motor,800000,2025-05-05,2025-07-02,58,23900,23900,0,0,0,
SYN-000861,motor,350000,2024-07-09,2025-02-02,208,17200,17200,0,1,1,DUPLICATE_CLAIM
SYN-000862,motor,350000,2025-05-16,2025-07-04,49,8200,8200,0,1,1,DUPLICATE_CLAIM|TIMING_ANOMALY
SYN-000863,motor,800000,2025-02-19,2025-07-14,145,66300,66300,0,0,0,
SYN-000864,health,300000,2024-07-31,2024-12-30,152,24100,24100,0,0,0,
SYN-000865,motor,350000,2025-05-08,2025-09-18,133,14900,14900,0,0,0,
SYN-000866,motor,800000,2024-08-16,2024-10-02,47,20900,20900,1,0,0,
SYN-000867,motor,800000,2025-04-30,2025-06-19,50,26500,21300,1,0,1,DOCUMENT_INCONSISTENCY|TIMING_ANOMALY
SYN-000868,motor,350000,2024-08-15,2025-02-11,180,31200,31200,0,0,0,
SYN-000869,health,1000000,2024-08-11,2025-02-18,191,46500,46500,0,0,0,
SYN-000870,health,500000,2024-12-01,2025-03-17,106,31300,31300,0,0,0,
SYN-000871,motor,500000,2024-05-10,2025-01-25,260,20600,20600,0,0,0,
SYN-000872,motor,350000,2025-01-25,2025-11-12,291,15300,15300,0,0,0,
SYN-000873,health,500000,2024-05-08,2024-08-20,104,41100,41100,2,0,0,
SYN-000874,health,500000,2024-06-03,2025-03-06,276,52000,52000,2,0,0,
SYN-000875,health,300000,2024-10-06,2025-07-31,298,61400,61400,0,1,1,DUPLICATE_CLAIM
SYN-000876,health,1000000,2024-09-01,2024-12-07,97,42800,42800,1,0,0,
SYN-000877,motor,350000,2024-04-09,2024-12-30,265,41200,41200,1,0,0,
SYN-000878,health,300000,2025-02-14,2025-11-12,271,28300,28300,0,0,0,
SYN-000879,health,500000,2024-09-04,2025-06-30,299,17700,17700,1,0,0,
SYN-000880,health,300000,2024-05-30,2025-02-27,273,63200,63200,1,0,0,
SYN-000881,motor,350000,2024-11-17,2025-05-11,175,72500,72500,0,0,0,
SYN-000882,health,300000,2025-01-29,2025-08-19,202,70700,70700,2,0,0,
SYN-000883,motor,350000,2024-09-21,2025-06-27,279,34400,34400,1,0,0,
SYN-000884,health,500000,2024-06-20,2025-03-14,267,63400,63400,0,0,0,
SYN-000885,health,1000000,2025-03-31,2025-09-30,183,52200,52200,0,0,0,
SYN-000886,motor,500000,2024-12-05,2025-06-24,201,42700,42700,0,0,0,
SYN-000887,health,300000,2024-06-21,2025-02-26,250,34800,34800,1,0,0,
SYN-000888,health,300000,2025-01-21,2025-10-29,281,12900,12900,0,0,0,
SYN-000889,health,300000,2025-04-08,2025-10-24,199,22800,22800,0,1,1,DUPLICATE_CLAIM
SYN-000890,health,1000000,2024-04-27,2024-08-21,116,56100,56100,1,0,0,
SYN-000891,health,500000,2024-08-30,2024-12-08,100,37200,37200,0,0,0,
SYN-000892,health,1000000,2024-07-29,2025-04-12,257,77000,77000,0,0,0,
SYN-000893,health,300000,2025-03-03,2025-06-14,103,38900,38900,2,0,0,
SYN-000894,health,300000,2024-11-07,2024-12-23,46,33400,33400,0,0,0,
SYN-000895,motor,350000,2024-11-29,2025-08-01,245,19900,19900,1,0,0,
SYN-000896,health,500000,2025-04-04,2025-10-04,183,11100,11100,1,0,0,
SYN-000897,health,1000000,2025-02-10,2025-12-27,320,12200,12200,2,0,0,
SYN-000898,motor,800000,2024-10-03,2025-02-10,130,40700,40700,0,0,0,
SYN-000899,motor,800000,2024-09-18,2025-07-15,300,56400,56400,0,0,0,
SYN-000900,health,1000000,2025-05-03,2026-03-24,325,32500,32500,0,0,0,
SYN-000901,health,500000,2024-08-11,2025-06-28,321,22300,22300,0,0,0,
SYN-000902,health,1000000,2024-10-12,2025-01-25,105,37800,37800,0,0,0,
SYN-000903,health,500000,2025-02-24,2025-08-15,172,44700,44700,0,0,0,
SYN-000904,health,1000000,2024-04-24,2024-06-15,52,79800,79800,2,0,0,
SYN-000905,health,1000000,2024-07-14,2024-10-07,85,73500,73500,0,0,0,
SYN-000906,health,300000,2025-04-29,2026-01-13,259,42300,42300,2,0,0,
SYN-000907,motor,800000,2024-10-17,2025-02-07,113,31500,31500,0,0,0,
SYN-000908,health,300000,2025-05-01,2026-03-12,315,21000,21000,0,0,0,
SYN-000909,health,1000000,2024-11-26,2025-06-27,213,107400,107400,0,0,0,
SYN-000910,health,1000000,2024-10-30,2025-02-21,114,12800,12800,0,0,0,
SYN-000911,motor,500000,2025-03-11,2025-12-25,289,39400,39400,0,0,0,
SYN-000912,health,500000,2024-10-29,2025-05-17,200,92400,92400,0,0,0,
SYN-000913,motor,500000,2025-05-21,2025-07-28,68,19900,19900,0,0,0,
SYN-000914,motor,800000,2024-05-09,2024-09-23,137,23900,23900,0,0,0,
SYN-000915,motor,350000,2025-04-03,2025-08-02,121,9700,9700,0,0,0,
SYN-000916,health,1000000,2024-05-24,2024-10-11,140,112100,112100,0,0,0,
SYN-000917,health,500000,2024-12-16,2025-06-20,186,52700,52700,0,0,0,
SYN-000918,motor,500000,2025-02-02,2025-09-05,215,31300,31300,0,0,0,
SYN-000919,health,300000,2024-07-13,2025-04-19,280,60900,60900,0,0,0,
SYN-000920,health,500000,2025-05-25,2026-03-26,305,29000,29000,1,0,0,
SYN-000921,health,1000000,2024-11-29,2025-06-01,184,119600,119600,0,0,0,
SYN-000922,health,500000,2025-04-20,2026-02-23,309,60700,60700,0,0,0,
SYN-000923,motor,800000,2024-07-21,2024-12-25,157,42900,42900,1,0,0,
SYN-000924,health,1000000,2024-05-10,2025-01-31,266,15100,15100,1,0,0,
SYN-000925,motor,500000,2024-06-08,2024-11-08,153,7200,7200,0,0,0,
SYN-000926,motor,800000,2025-03-12,2025-12-28,291,6400,6400,0,0,0,
SYN-000927,motor,500000,2024-07-29,2024-12-17,141,19700,19700,0,0,0,
SYN-000928,health,500000,2025-03-29,2025-08-16,140,31400,31400,0,0,0,
SYN-000929,motor,350000,2024-12-17,2025-07-05,200,8600,8600,1,0,0,
SYN-000930,health,300000,2024-06-21,2024-08-30,70,89100,89100,0,0,0,
SYN-000931,motor,350000,2025-01-15,2025-05-12,117,20300,20300,0,0,0,
SYN-000932,motor,350000,2024-05-27,2024-09-02,98,15100,15100,0,0,0,
SYN-000933,health,500000,2024-04-01,2024-09-12,164,27700,27700,0,0,0,
SYN-000934,health,500000,2025-03-15,2025-05-31,77,39700,39700,0,0,0,
SYN-000935,health,1000000,2025-04-29,2026-02-06,283,61800,61800,1,0,0,
SYN-000936,health,300000,2024-10-21,2025-07-21,273,49200,49200,0,0,0,
SYN-000937,health,1000000,2024-06-21,2024-11-14,146,17600,17600,0,0,0,
SYN-000938,health,300000,2024-06-20,2025-03-03,256,28400,28400,0,0,0,
SYN-000939,health,500000,2025-01-26,2025-06-06,131,23800,23800,0,0,0,
SYN-000940,motor,500000,2024-09-24,2025-04-14,202,27100,27100,0,0,0,
SYN-000941,health,1000000,2024-04-14,2024-07-24,101,38100,38100,0,0,0,
SYN-000942,health,500000,2025-02-24,2025-07-20,146,39600,39600,0,0,0,
SYN-000943,motor,800000,2024-05-10,2024-08-31,113,26400,26400,0,0,0,
SYN-000944,health,1000000,2024-07-14,2024-11-21,130,29700,29700,2,0,0,
SYN-000945,health,500000,2024-08-16,2025-02-24,192,92200,92200,0,0,0,
SYN-000946,health,500000,2025-03-24,2025-07-07,105,68000,68000,0,0,0,
SYN-000947,health,300000,2025-04-02,2025-08-05,125,53900,53900,0,0,0,
SYN-000948,motor,800000,2025-01-13,2025-04-01,78,47000,47000,0,0,0,
SYN-000949,health,500000,2025-02-20,2025-06-20,120,6600,6600,0,0,0,
SYN-000950,motor,350000,2024-04-11,2024-07-31,111,24400,24400,0,0,0,
SYN-000951,health,300000,2024-06-02,2024-07-15,43,290000,290000,0,0,1,TIMING_ANOMALY|AMOUNT_ANOMALY
SYN-000952,motor,800000,2025-03-23,2026-01-18,301,10900,10900,1,0,0,
SYN-000953,health,1000000,2024-05-31,2024-09-10,102,130500,130500,0,0,0,
SYN-000954,health,1000000,2025-03-02,2025-06-30,120,44000,44000,1,0,0,
SYN-000955,health,1000000,2024-10-28,2025-04-17,171,22700,22700,0,0,0,
SYN-000956,health,1000000,2025-05-01,2025-09-01,123,10200,10200,0,0,0,
SYN-000957,motor,800000,2024-12-29,2025-11-23,329,27700,27700,0,0,0,
SYN-000958,health,300000,2024-05-31,2025-03-08,281,29000,29000,0,0,0,
SYN-000959,health,500000,2025-03-15,2025-10-15,214,76100,76100,1,0,0,
SYN-000960,health,300000,2024-04-02,2024-07-07,96,41300,41300,0,0,0,
SYN-000961,health,300000,2025-04-04,2025-06-29,86,34200,34200,0,0,0,
SYN-000962,health,300000,2024-06-18,2025-03-26,281,33300,33300,0,0,0,
SYN-000963,health,1000000,2024-07-29,2025-02-05,191,38600,38600,0,0,0,
SYN-000964,health,500000,2025-05-17,2026-03-05,292,16800,16800,0,0,0,
SYN-000965,health,300000,2024-07-24,2025-04-15,265,16900,13000,0,1,1,DUPLICATE_CLAIM|DOCUMENT_INCONSISTENCY
SYN-000966,health,300000,2024-07-30,2025-04-25,269,30700,30700,0,0,0,
SYN-000967,health,300000,2025-03-24,2025-10-14,204,23400,23400,0,0,0,
SYN-000968,motor,350000,2024-05-21,2024-10-30,162,27200,27200,0,0,0,
SYN-000969,health,1000000,2025-04-15,2025-10-31,199,49800,49800,0,0,0,
SYN-000970,motor,500000,2024-06-22,2024-08-09,48,29200,29200,0,0,0,
SYN-000971,motor,800000,2024-09-19,2025-06-24,278,31500,31500,0,0,0,
SYN-000972,health,500000,2024-08-10,2024-11-17,99,26400,26400,0,0,0,
SYN-000973,health,1000000,2024-10-24,2025-07-14,263,15100,15100,1,0,0,
SYN-000974,health,500000,2024-07-31,2025-01-06,159,411100,411100,0,1,1,AMOUNT_ANOMALY|DUPLICATE_CLAIM
SYN-000975,motor,350000,2025-04-26,2026-01-15,264,36900,36900,3,0,1,FREQUENCY_ANOMALY
SYN-000976,motor,500000,2024-07-05,2025-05-07,306,99300,99300,0,0,0,
SYN-000977,health,300000,2025-04-04,2026-02-01,303,60300,60300,0,0,0,
SYN-000978,motor,800000,2024-11-16,2025-09-15,303,30200,30200,0,0,0,
SYN-000979,motor,350000,2025-04-06,2025-08-12,128,15500,15500,1,0,0,
SYN-000980,health,300000,2025-02-05,2025-09-09,216,81100,81100,1,0,0,
SYN-000981,motor,350000,2024-05-27,2025-04-08,316,20100,20100,0,0,0,
SYN-000982,health,500000,2025-03-11,2025-05-03,53,48700,48700,0,0,0,
SYN-000983,motor,500000,2025-01-26,2025-11-15,293,29000,29000,0,0,0,
SYN-000984,health,500000,2024-10-20,2025-03-06,137,12800,12800,0,0,0,
SYN-000985,motor,500000,2025-03-18,2025-07-08,112,24700,24700,0,0,0,
SYN-000986,health,300000,2024-10-30,2024-12-11,42,247000,247000,0,0,1,AMOUNT_ANOMALY|TIMING_ANOMALY
SYN-000987,health,1000000,2025-05-16,2025-12-27,225,33900,33900,0,0,0,
SYN-000988,health,500000,2024-10-17,2025-07-03,259,26700,26700,0,0,0,
SYN-000989,motor,350000,2024-06-22,2024-11-26,157,48300,48300,0,0,0,
SYN-000990,motor,350000,2025-03-26,2026-02-16,327,29300,29300,0,0,0,
SYN-000991,motor,800000,2024-12-19,2025-06-04,167,19700,19700,0,0,0,
SYN-000992,health,500000,2025-01-05,2025-05-11,126,39800,39800,0,0,0,
SYN-000993,motor,800000,2024-08-27,2025-03-03,188,31000,31000,0,0,0,
SYN-000994,motor,350000,2025-01-08,2025-08-09,213,26700,26700,0,0,0,
SYN-000995,motor,800000,2025-05-21,2025-10-18,150,37300,37300,0,0,0,
SYN-000996,health,300000,2024-12-21,2025-07-07,198,44500,44500,0,0,0,
SYN-000997,motor,500000,2024-10-03,2025-06-05,245,17100,17100,1,1,1,DUPLICATE_CLAIM
SYN-000998,health,500000,2024-06-27,2025-03-20,266,37300,37300,0,0,0,
SYN-000999,health,1000000,2024-11-11,2025-07-01,232,67600,67600,1,0,0,
SYN-001000,motor,350000,2024-04-26,2024-05-27,31,27300,27300,0,0,1,TIMING_ANOMALY
